LOCATION,SUBJECT,MEASURE,FREQUENCY,TIME,Value
AUS,TOT,USD,A,1990,40102.17328
AUS,TOT,USD,A,1991,39911.21029
AUS,TOT,USD,A,1992,40712.37396
AUS,TOT,USD,A,1993,41087.15506
AUS,TOT,USD,A,1994,41365.72262
AUS,TOT,USD,A,1995,41206.73578
AUS,TOT,USD,A,1996,42427.50333
AUS,TOT,USD,A,1997,43697.26856
AUS,TOT,USD,A,1998,44317.19722
AUS,TOT,USD,A,1999,45360.22997
AUS,TOT,USD,A,2000,45458.50964
AUS,TOT,USD,A,2001,45953.29366
AUS,TOT,USD,A,2002,46269.56654
AUS,TOT,USD,A,2003,46810.84385
AUS,TOT,USD,A,2004,48267.38403
AUS,TOT,USD,A,2005,48891.30501
AUS,TOT,USD,A,2006,49207.50539
AUS,TOT,USD,A,2007,50565.39819
AUS,TOT,USD,A,2008,50973.19265
AUS,TOT,USD,A,2009,50511.02939
AUS,TOT,USD,A,2010,52252.97944
AUS,TOT,USD,A,2011,53905.77401
AUS,TOT,USD,A,2012,54226.18948
AUS,TOT,USD,A,2013,53977.41911
AUS,TOT,USD,A,2014,54391.75744
AUS,TOT,USD,A,2015,53946.26631
AUS,TOT,USD,A,2016,53971.59746
AUS,TOT,USD,A,2017,53507.28546
AUS,TOT,USD,A,2018,53349.41362
AUT,TOT,USD,A,1990,40821.53196
AUT,TOT,USD,A,1991,42097.55544
AUT,TOT,USD,A,1992,42945.6674
AUT,TOT,USD,A,1993,43295.81578
AUT,TOT,USD,A,1994,43732.03378
AUT,TOT,USD,A,1995,44084.34515
AUT,TOT,USD,A,1996,43763.50178
AUT,TOT,USD,A,1997,43389.26429
AUT,TOT,USD,A,1998,44789.80751
AUT,TOT,USD,A,1999,45781.47308
AUT,TOT,USD,A,2000,45902.35837
AUT,TOT,USD,A,2001,45786.64115
AUT,TOT,USD,A,2002,46454.33978
AUT,TOT,USD,A,2003,46589.7287
AUT,TOT,USD,A,2004,47464.06803
AUT,TOT,USD,A,2005,47715.52767
AUT,TOT,USD,A,2006,48411.60974
AUT,TOT,USD,A,2007,48644.57511
AUT,TOT,USD,A,2008,49509.35566
AUT,TOT,USD,A,2009,50312.19378
AUT,TOT,USD,A,2010,50096.71444
AUT,TOT,USD,A,2011,49578.9147
AUT,TOT,USD,A,2012,49835.11427
AUT,TOT,USD,A,2013,49896.49234
AUT,TOT,USD,A,2014,50082.84861
AUT,TOT,USD,A,2015,50373.81106
AUT,TOT,USD,A,2016,50906.02028
AUT,TOT,USD,A,2017,50851.39713
AUT,TOT,USD,A,2018,50868.24601
BEL,TOT,USD,A,1990,41615.90395
BEL,TOT,USD,A,1991,43445.30966
BEL,TOT,USD,A,1992,44840.10978
BEL,TOT,USD,A,1993,45781.93869
BEL,TOT,USD,A,1994,46670.62602
BEL,TOT,USD,A,1995,46512.5808
BEL,TOT,USD,A,1996,47011.0275
BEL,TOT,USD,A,1997,47670.09885
BEL,TOT,USD,A,1998,47587.90032
BEL,TOT,USD,A,1999,50128.85469
BEL,TOT,USD,A,2000,49795.67629
BEL,TOT,USD,A,2001,50077.95895
BEL,TOT,USD,A,2002,50941.35096
BEL,TOT,USD,A,2003,51156.39012
BEL,TOT,USD,A,2004,50932.23821
BEL,TOT,USD,A,2005,50609.88806
BEL,TOT,USD,A,2006,50815.59546
BEL,TOT,USD,A,2007,50575.4021
BEL,TOT,USD,A,2008,50725.0265
BEL,TOT,USD,A,2009,51159.32176
BEL,TOT,USD,A,2010,50872.487
BEL,TOT,USD,A,2011,51204.9434
BEL,TOT,USD,A,2012,51550.58104
BEL,TOT,USD,A,2013,52221.57803
BEL,TOT,USD,A,2014,52514.32761
BEL,TOT,USD,A,2015,52120.10915
BEL,TOT,USD,A,2016,51951.715
BEL,TOT,USD,A,2017,51736.09972
BEL,TOT,USD,A,2018,52079.61531
CAN,TOT,USD,A,1990,35072.77878
CAN,TOT,USD,A,1991,34890.77291
CAN,TOT,USD,A,1992,35446.43941
CAN,TOT,USD,A,1993,35411.82993
CAN,TOT,USD,A,1994,35245.68391
CAN,TOT,USD,A,1995,35352.13312
CAN,TOT,USD,A,1996,35710.8365
CAN,TOT,USD,A,1997,37064.36972
CAN,TOT,USD,A,1998,37815.31849
CAN,TOT,USD,A,1999,38298.59351
CAN,TOT,USD,A,2000,39380.0563
CAN,TOT,USD,A,2001,39218.1024
CAN,TOT,USD,A,2002,38800.06235
CAN,TOT,USD,A,2003,38801.76635
CAN,TOT,USD,A,2004,39847.98775
CAN,TOT,USD,A,2005,41566.19825
CAN,TOT,USD,A,2006,42907.72168
CAN,TOT,USD,A,2007,43968.62745
CAN,TOT,USD,A,2008,44810.32639
CAN,TOT,USD,A,2009,45309.04022
CAN,TOT,USD,A,2010,45502.56024
CAN,TOT,USD,A,2011,46203.40255
CAN,TOT,USD,A,2012,47275.53082
CAN,TOT,USD,A,2013,48191.59919
CAN,TOT,USD,A,2014,48717.52776
CAN,TOT,USD,A,2015,48979.30251
CAN,TOT,USD,A,2016,47793.36844
CAN,TOT,USD,A,2017,48247.09108
CAN,TOT,USD,A,2018,48848.5225
CZE,TOT,USD,A,1995,13547.37486
CZE,TOT,USD,A,1996,14909.40821
CZE,TOT,USD,A,1997,15123.74111
CZE,TOT,USD,A,1998,15070.25084
CZE,TOT,USD,A,1999,15637.79401
CZE,TOT,USD,A,2000,16157.45428
CZE,TOT,USD,A,2001,16969.62923
CZE,TOT,USD,A,2002,17996.45612
CZE,TOT,USD,A,2003,19356.06246
CZE,TOT,USD,A,2004,20309.71827
CZE,TOT,USD,A,2005,20921.09376
CZE,TOT,USD,A,2006,21756.38491
CZE,TOT,USD,A,2007,22412.33651
CZE,TOT,USD,A,2008,22423.00872
CZE,TOT,USD,A,2009,22371.6839
CZE,TOT,USD,A,2010,22944.4926
CZE,TOT,USD,A,2011,23101.99456
CZE,TOT,USD,A,2012,23089.6502
CZE,TOT,USD,A,2013,22846.09946
CZE,TOT,USD,A,2014,23324.26132
CZE,TOT,USD,A,2015,23962.81256
CZE,TOT,USD,A,2016,24778.2455
CZE,TOT,USD,A,2017,25804.10436
CZE,TOT,USD,A,2018,26961.57559
DNK,TOT,USD,A,1990,40078.4495
DNK,TOT,USD,A,1991,40263.22559
DNK,TOT,USD,A,1992,41653.12365
DNK,TOT,USD,A,1993,42108.21584
DNK,TOT,USD,A,1994,40596.46399
DNK,TOT,USD,A,1995,41448.50255
DNK,TOT,USD,A,1996,42207.40872
DNK,TOT,USD,A,1997,42884.75148
DNK,TOT,USD,A,1998,43645.52178
DNK,TOT,USD,A,1999,44136.67277
DNK,TOT,USD,A,2000,44111.26482
DNK,TOT,USD,A,2001,44405.107
DNK,TOT,USD,A,2002,45426.58921
DNK,TOT,USD,A,2003,46560.38022
DNK,TOT,USD,A,2004,47604.03443
DNK,TOT,USD,A,2005,48410.90648
DNK,TOT,USD,A,2006,49235.15314
DNK,TOT,USD,A,2007,49771.7694
DNK,TOT,USD,A,2008,50445.51988
DNK,TOT,USD,A,2009,51668.57403
DNK,TOT,USD,A,2010,52263.8567
DNK,TOT,USD,A,2011,51993.25884
DNK,TOT,USD,A,2012,51923.10356
DNK,TOT,USD,A,2013,52260.70461
DNK,TOT,USD,A,2014,53260.74406
DNK,TOT,USD,A,2015,54196.8862
DNK,TOT,USD,A,2016,55032.34644
DNK,TOT,USD,A,2017,54722.5035
DNK,TOT,USD,A,2018,55253.34203
FIN,TOT,USD,A,1990,33509.41787
FIN,TOT,USD,A,1991,33853.46793
FIN,TOT,USD,A,1992,33355.34428
FIN,TOT,USD,A,1993,32178.70382
FIN,TOT,USD,A,1994,32647.00548
FIN,TOT,USD,A,1995,33979.42966
FIN,TOT,USD,A,1996,34792.21123
FIN,TOT,USD,A,1997,34824.01592
FIN,TOT,USD,A,1998,35725.31127
FIN,TOT,USD,A,1999,36568.70279
FIN,TOT,USD,A,2000,37200.20502
FIN,TOT,USD,A,2001,37404.32857
FIN,TOT,USD,A,2002,37616.42557
FIN,TOT,USD,A,2003,38340.93048
FIN,TOT,USD,A,2004,39622.98386
FIN,TOT,USD,A,2005,40535.79877
FIN,TOT,USD,A,2006,41478.69831
FIN,TOT,USD,A,2007,42110.68722
FIN,TOT,USD,A,2008,42518.64074
FIN,TOT,USD,A,2009,42861.71618
FIN,TOT,USD,A,2010,43535.17087
FIN,TOT,USD,A,2011,43684.94029
FIN,TOT,USD,A,2012,43715.15615
FIN,TOT,USD,A,2013,43245.26697
FIN,TOT,USD,A,2014,43229.09351
FIN,TOT,USD,A,2015,43617.28448
FIN,TOT,USD,A,2016,43968.93163
FIN,TOT,USD,A,2017,43801.86904
FIN,TOT,USD,A,2018,44111.40003
FRA,TOT,USD,A,1990,33295.60127
FRA,TOT,USD,A,1991,33681.99734
FRA,TOT,USD,A,1992,34058.43594
FRA,TOT,USD,A,1993,34451.92396
FRA,TOT,USD,A,1994,34593.96264
FRA,TOT,USD,A,1995,35110.25623
FRA,TOT,USD,A,1996,35208.78398
FRA,TOT,USD,A,1997,35605.16126
FRA,TOT,USD,A,1998,36151.11514
FRA,TOT,USD,A,1999,36948.8958
FRA,TOT,USD,A,2000,37125.70922
FRA,TOT,USD,A,2001,37361.15176
FRA,TOT,USD,A,2002,38370.18031
FRA,TOT,USD,A,2003,38681.16053
FRA,TOT,USD,A,2004,39315.17476
FRA,TOT,USD,A,2005,39792.17341
FRA,TOT,USD,A,2006,40236.67001
FRA,TOT,USD,A,2007,40386.83355
FRA,TOT,USD,A,2008,40308.40836
FRA,TOT,USD,A,2009,41589.72718
FRA,TOT,USD,A,2010,42435.38246
FRA,TOT,USD,A,2011,42370.29756
FRA,TOT,USD,A,2012,42654.36826
FRA,TOT,USD,A,2013,43012.54154
FRA,TOT,USD,A,2014,43308.84587
FRA,TOT,USD,A,2015,43731.65687
FRA,TOT,USD,A,2016,44220.25463
FRA,TOT,USD,A,2017,44469.02058
FRA,TOT,USD,A,2018,44510.13318
DEU,TOT,USD,A,1991,38150.48055
DEU,TOT,USD,A,1992,40495.076
DEU,TOT,USD,A,1993,40865.81311
DEU,TOT,USD,A,1994,40978.38253
DEU,TOT,USD,A,1995,41898.07961
DEU,TOT,USD,A,1996,42264.85588
DEU,TOT,USD,A,1997,42032.5166
DEU,TOT,USD,A,1998,42438.82302
DEU,TOT,USD,A,1999,43108.88236
DEU,TOT,USD,A,2000,43316.40873
DEU,TOT,USD,A,2001,43748.44029
DEU,TOT,USD,A,2002,43977.45215
DEU,TOT,USD,A,2003,43920.00937
DEU,TOT,USD,A,2004,43917.72821
DEU,TOT,USD,A,2005,43840.69528
DEU,TOT,USD,A,2006,43876.66537
DEU,TOT,USD,A,2007,43802.05673
DEU,TOT,USD,A,2008,44079.14956
DEU,TOT,USD,A,2009,44253.62997
DEU,TOT,USD,A,2010,44451.21699
DEU,TOT,USD,A,2011,45209.41817
DEU,TOT,USD,A,2012,45725.15818
DEU,TOT,USD,A,2013,46277.16566
DEU,TOT,USD,A,2014,47010.04711
DEU,TOT,USD,A,2015,48034.59454
DEU,TOT,USD,A,2016,48709.63953
DEU,TOT,USD,A,2017,49161.09391
DEU,TOT,USD,A,2018,49813.20012
GRC,TOT,USD,A,1995,23315.83473
GRC,TOT,USD,A,1996,23370.77253
GRC,TOT,USD,A,1997,25670.81624
GRC,TOT,USD,A,1998,26001.89237
GRC,TOT,USD,A,1999,26796.45621
GRC,TOT,USD,A,2000,27408.95279
GRC,TOT,USD,A,2001,27963.29377
GRC,TOT,USD,A,2002,30555.51726
GRC,TOT,USD,A,2003,31886.08838
GRC,TOT,USD,A,2004,32458.14087
GRC,TOT,USD,A,2005,32359.28144
GRC,TOT,USD,A,2006,32747.18214
GRC,TOT,USD,A,2007,32739.6593
GRC,TOT,USD,A,2008,32246.40795
GRC,TOT,USD,A,2009,33761.80093
GRC,TOT,USD,A,2010,31510.05117
GRC,TOT,USD,A,2011,29445.28719
GRC,TOT,USD,A,2012,28108.0392
GRC,TOT,USD,A,2013,26289.75623
GRC,TOT,USD,A,2014,26803.24237
GRC,TOT,USD,A,2015,26585.0661
GRC,TOT,USD,A,2016,26506.09185
GRC,TOT,USD,A,2017,26486.31002
GRC,TOT,USD,A,2018,26670.95427
HUN,TOT,USD,A,1995,15012.53086
HUN,TOT,USD,A,1996,15025.14367
HUN,TOT,USD,A,1997,15476.47834
HUN,TOT,USD,A,1998,15638.98645
HUN,TOT,USD,A,1999,15540.21672
HUN,TOT,USD,A,2000,16094.06706
HUN,TOT,USD,A,2001,17257.90031
HUN,TOT,USD,A,2002,18114.64825
HUN,TOT,USD,A,2003,19807.60237
HUN,TOT,USD,A,2004,21014.32354
HUN,TOT,USD,A,2005,21860.82638
HUN,TOT,USD,A,2006,22284.39709
HUN,TOT,USD,A,2007,21951.65941
HUN,TOT,USD,A,2008,22199.46976
HUN,TOT,USD,A,2009,21364.51232
HUN,TOT,USD,A,2010,21617.7991
HUN,TOT,USD,A,2011,21604.24091
HUN,TOT,USD,A,2012,20852.27408
HUN,TOT,USD,A,2013,20893.44423
HUN,TOT,USD,A,2014,20707.45771
HUN,TOT,USD,A,2015,20150.14824
HUN,TOT,USD,A,2016,21077.55692
HUN,TOT,USD,A,2017,22492.67745
HUN,TOT,USD,A,2018,24454.71079
IRL,TOT,USD,A,1990,24469.34622
IRL,TOT,USD,A,1991,27526.06795
IRL,TOT,USD,A,1992,28701.0238
IRL,TOT,USD,A,1993,30134.65055
IRL,TOT,USD,A,1994,30361.85274
IRL,TOT,USD,A,1995,31051.98423
IRL,TOT,USD,A,1996,31354.30423
IRL,TOT,USD,A,1997,33290.78828
IRL,TOT,USD,A,1998,35215.56146
IRL,TOT,USD,A,1999,35988.05684
IRL,TOT,USD,A,2000,36665.93023
IRL,TOT,USD,A,2001,37896.95787
IRL,TOT,USD,A,2002,38086.79817
IRL,TOT,USD,A,2003,39057.02587
IRL,TOT,USD,A,2004,40126.43424
IRL,TOT,USD,A,2005,41794.35139
IRL,TOT,USD,A,2006,42255.59369
IRL,TOT,USD,A,2007,43479.09419
IRL,TOT,USD,A,2008,44888.38425
IRL,TOT,USD,A,2009,48159.97881
IRL,TOT,USD,A,2010,48697.70833
IRL,TOT,USD,A,2011,48764.65687
IRL,TOT,USD,A,2012,48153.35402
IRL,TOT,USD,A,2013,46724.76237
IRL,TOT,USD,A,2014,46314.70793
IRL,TOT,USD,A,2015,47244.93408
IRL,TOT,USD,A,2016,47709.02246
IRL,TOT,USD,A,2017,47302.77916
IRL,TOT,USD,A,2018,47951.85243
ITA,TOT,USD,A,1990,37088.39643
ITA,TOT,USD,A,1991,37399.98054
ITA,TOT,USD,A,1992,37363.77325
ITA,TOT,USD,A,1993,36788.2478
ITA,TOT,USD,A,1994,36311.85996
ITA,TOT,USD,A,1995,35516.89406
ITA,TOT,USD,A,1996,35809.41106
ITA,TOT,USD,A,1997,36660.98145
ITA,TOT,USD,A,1998,36831.594
ITA,TOT,USD,A,1999,37178.57292
ITA,TOT,USD,A,2000,37144.63962
ITA,TOT,USD,A,2001,37332.08164
ITA,TOT,USD,A,2002,37078.44335
ITA,TOT,USD,A,2003,37038.10197
ITA,TOT,USD,A,2004,37796.24783
ITA,TOT,USD,A,2005,38222.73451
ITA,TOT,USD,A,2006,38484.53565
ITA,TOT,USD,A,2007,38448.92455
ITA,TOT,USD,A,2008,38488.64521
ITA,TOT,USD,A,2009,38680.94242
ITA,TOT,USD,A,2010,39051.10534
ITA,TOT,USD,A,2011,38438.74635
ITA,TOT,USD,A,2012,37279.12066
ITA,TOT,USD,A,2013,37338.27385
ITA,TOT,USD,A,2014,37481.9106
ITA,TOT,USD,A,2015,37793.07676
ITA,TOT,USD,A,2016,38059.94919
ITA,TOT,USD,A,2017,37696.6486
ITA,TOT,USD,A,2018,37751.93464
JPN,TOT,USD,A,1990,38726.44338
JPN,TOT,USD,A,1991,39240.72235
JPN,TOT,USD,A,1992,39360.86147
JPN,TOT,USD,A,1993,38987.64466
JPN,TOT,USD,A,1994,39383.15457
JPN,TOT,USD,A,1995,39851.40726
JPN,TOT,USD,A,1996,40050.55149
JPN,TOT,USD,A,1997,40406.91661
JPN,TOT,USD,A,1998,40289.93602
JPN,TOT,USD,A,1999,40240.97568
JPN,TOT,USD,A,2000,40467.68554
JPN,TOT,USD,A,2001,39960.97308
JPN,TOT,USD,A,2002,39150.52085
JPN,TOT,USD,A,2003,39186.70023
JPN,TOT,USD,A,2004,39489.77117
JPN,TOT,USD,A,2005,40173.19049
JPN,TOT,USD,A,2006,39933.0052
JPN,TOT,USD,A,2007,39872.60919
JPN,TOT,USD,A,2008,39847.98717
JPN,TOT,USD,A,2009,39470.26526
JPN,TOT,USD,A,2010,40175.19119
JPN,TOT,USD,A,2011,41082.06978
JPN,TOT,USD,A,2012,40380.39328
JPN,TOT,USD,A,2013,40352.78811
JPN,TOT,USD,A,2014,39633.25194
JPN,TOT,USD,A,2015,39591.57293
JPN,TOT,USD,A,2016,40304.55493
JPN,TOT,USD,A,2017,40510.00917
JPN,TOT,USD,A,2018,40573.37765
KOR,TOT,USD,A,1990,22141.42557
KOR,TOT,USD,A,1991,23066.86141
KOR,TOT,USD,A,1992,23980.84666
KOR,TOT,USD,A,1993,25308.36328
KOR,TOT,USD,A,1994,25751.36138
KOR,TOT,USD,A,1995,28234.68437
KOR,TOT,USD,A,1996,29537.92063
KOR,TOT,USD,A,1997,28911.43387
KOR,TOT,USD,A,1998,28535.56245
KOR,TOT,USD,A,1999,28673.17267
KOR,TOT,USD,A,2000,29081.61539
KOR,TOT,USD,A,2001,29667.3009
KOR,TOT,USD,A,2002,30700.38387
KOR,TOT,USD,A,2003,31791.73083
KOR,TOT,USD,A,2004,32706.84627
KOR,TOT,USD,A,2005,33648.06616
KOR,TOT,USD,A,2006,33988.40175
KOR,TOT,USD,A,2007,34583.1133
KOR,TOT,USD,A,2008,34272.21251
KOR,TOT,USD,A,2009,34361.81034
KOR,TOT,USD,A,2010,34955.58457
KOR,TOT,USD,A,2011,35294.64837
KOR,TOT,USD,A,2012,34864.20309
KOR,TOT,USD,A,2013,35528.79125
KOR,TOT,USD,A,2014,35321.09682
KOR,TOT,USD,A,2015,35949.11416
KOR,TOT,USD,A,2016,37165.05484
KOR,TOT,USD,A,2017,37849.39327
KOR,TOT,USD,A,2018,39471.71192
LUX,TOT,USD,A,1990,46151.5401
LUX,TOT,USD,A,1991,47609.2243
LUX,TOT,USD,A,1992,48551.52248
LUX,TOT,USD,A,1993,49769.714
LUX,TOT,USD,A,1994,50523.24579
LUX,TOT,USD,A,1995,50600.63423
LUX,TOT,USD,A,1996,51405.82402
LUX,TOT,USD,A,1997,52159.13529
LUX,TOT,USD,A,1998,52462.86232
LUX,TOT,USD,A,1999,53587.2264
LUX,TOT,USD,A,2000,55448.99295
LUX,TOT,USD,A,2001,56086.7288
LUX,TOT,USD,A,2002,57255.51822
LUX,TOT,USD,A,2003,56987.12256
LUX,TOT,USD,A,2004,57767.52474
LUX,TOT,USD,A,2005,57822.11814
LUX,TOT,USD,A,2006,58620.78201
LUX,TOT,USD,A,2007,60156.87254
LUX,TOT,USD,A,2008,59918.88143
LUX,TOT,USD,A,2009,61588.27208
LUX,TOT,USD,A,2010,62131.56237
LUX,TOT,USD,A,2011,61213.34102
LUX,TOT,USD,A,2012,60707.10622
LUX,TOT,USD,A,2013,61305.47504
LUX,TOT,USD,A,2014,63606.70614
LUX,TOT,USD,A,2015,64551.54632
LUX,TOT,USD,A,2016,64453.11023
LUX,TOT,USD,A,2017,65890.9974
LUX,TOT,USD,A,2018,65448.61195
MEX,TOT,USD,A,1990,14257.72257
MEX,TOT,USD,A,1991,15011.3705
MEX,TOT,USD,A,1992,15828.24642
MEX,TOT,USD,A,1993,16470.54131
MEX,TOT,USD,A,1994,16887.67638
MEX,TOT,USD,A,1995,13927.96333
MEX,TOT,USD,A,1996,13119.67234
MEX,TOT,USD,A,1997,13753.89087
MEX,TOT,USD,A,1998,14514.03009
MEX,TOT,USD,A,1999,15103.25768
MEX,TOT,USD,A,2000,15904.75411
MEX,TOT,USD,A,2001,16811.84558
MEX,TOT,USD,A,2002,16747.58813
MEX,TOT,USD,A,2003,17039.27709
MEX,TOT,USD,A,2004,17139.20892
MEX,TOT,USD,A,2005,17244.56717
MEX,TOT,USD,A,2006,17217.98024
MEX,TOT,USD,A,2007,17283.73587
MEX,TOT,USD,A,2008,17150.17199
MEX,TOT,USD,A,2009,17268.95905
MEX,TOT,USD,A,2010,16183.10561
MEX,TOT,USD,A,2011,16328.23664
MEX,TOT,USD,A,2012,16050.29823
MEX,TOT,USD,A,2013,16050.28429
MEX,TOT,USD,A,2014,16028.6024
MEX,TOT,USD,A,2015,16231.22549
MEX,TOT,USD,A,2016,16135.64876
MEX,TOT,USD,A,2017,16110.17632
MEX,TOT,USD,A,2018,16297.70831
NLD,TOT,USD,A,1990,47888.03209
NLD,TOT,USD,A,1991,48248.32015
NLD,TOT,USD,A,1992,48496.27656
NLD,TOT,USD,A,1993,49326.09288
NLD,TOT,USD,A,1994,49679.75181
NLD,TOT,USD,A,1995,48707.23737
NLD,TOT,USD,A,1996,48540.91177
NLD,TOT,USD,A,1997,48702.64333
NLD,TOT,USD,A,1998,47149.12487
NLD,TOT,USD,A,1999,48027.98176
NLD,TOT,USD,A,2000,49225.72615
NLD,TOT,USD,A,2001,49955.543
NLD,TOT,USD,A,2002,50125.19214
NLD,TOT,USD,A,2003,50481.04392
NLD,TOT,USD,A,2004,51286.38932
NLD,TOT,USD,A,2005,51286.56221
NLD,TOT,USD,A,2006,51186.26276
NLD,TOT,USD,A,2007,51917.49883
NLD,TOT,USD,A,2008,52231.32537
NLD,TOT,USD,A,2009,54463.95309
NLD,TOT,USD,A,2010,54477.2274
NLD,TOT,USD,A,2011,54140.29075
NLD,TOT,USD,A,2012,54362.19547
NLD,TOT,USD,A,2013,54554.96534
NLD,TOT,USD,A,2014,54260.74479
NLD,TOT,USD,A,2015,54892.58871
NLD,TOT,USD,A,2016,55131.595
NLD,TOT,USD,A,2017,54633.79627
NLD,TOT,USD,A,2018,54261.68245
NOR,TOT,USD,A,1990,29538.31646
NOR,TOT,USD,A,1991,29865.35064
NOR,TOT,USD,A,1992,30247.00833
NOR,TOT,USD,A,1993,30535.55569
NOR,TOT,USD,A,1994,31158.05478
NOR,TOT,USD,A,1995,31448.99557
NOR,TOT,USD,A,1996,32395.9624
NOR,TOT,USD,A,1997,33103.14661
NOR,TOT,USD,A,1998,34312.87637
NOR,TOT,USD,A,1999,35428.17907
NOR,TOT,USD,A,2000,35743.8388
NOR,TOT,USD,A,2001,36654.2618
NOR,TOT,USD,A,2002,38106.65824
NOR,TOT,USD,A,2003,38575.29873
NOR,TOT,USD,A,2004,39824.1188
NOR,TOT,USD,A,2005,40952.3951
NOR,TOT,USD,A,2006,42610.46164
NOR,TOT,USD,A,2007,44498.64523
NOR,TOT,USD,A,2008,45529.04313
NOR,TOT,USD,A,2009,46005.86336
NOR,TOT,USD,A,2010,46594.18608
NOR,TOT,USD,A,2011,48180.02342
NOR,TOT,USD,A,2012,49465.06851
NOR,TOT,USD,A,2013,50448.61278
NOR,TOT,USD,A,2014,50749.04262
NOR,TOT,USD,A,2015,50994.10315
NOR,TOT,USD,A,2016,50207.05948
NOR,TOT,USD,A,2017,50412.12115
NOR,TOT,USD,A,2018,50955.82984
POL,TOT,USD,A,1995,15917.76599
POL,TOT,USD,A,1996,17168.89755
POL,TOT,USD,A,1997,18059.01745
POL,TOT,USD,A,1998,18603.17356
POL,TOT,USD,A,1999,20049.75322
POL,TOT,USD,A,2000,20130.72981
POL,TOT,USD,A,2001,21338.88471
POL,TOT,USD,A,2002,21281.9734
POL,TOT,USD,A,2003,21543.24416
POL,TOT,USD,A,2004,21120.48418
POL,TOT,USD,A,2005,21062.70631
POL,TOT,USD,A,2006,21203.08404
POL,TOT,USD,A,2007,21878.22485
POL,TOT,USD,A,2008,23045.00996
POL,TOT,USD,A,2009,22998.95907
POL,TOT,USD,A,2010,23652.32651
POL,TOT,USD,A,2011,23654.20807
POL,TOT,USD,A,2012,23445.50559
POL,TOT,USD,A,2013,23712.96247
POL,TOT,USD,A,2014,24195.84838
POL,TOT,USD,A,2015,24726.12542
POL,TOT,USD,A,2016,25956.36995
POL,TOT,USD,A,2017,27057.95709
POL,TOT,USD,A,2018,29109.04376
PRT,TOT,USD,A,1995,23489.98962
PRT,TOT,USD,A,1996,24356.84002
PRT,TOT,USD,A,1997,24992.66206
PRT,TOT,USD,A,1998,25308.97729
PRT,TOT,USD,A,1999,26168.54593
PRT,TOT,USD,A,2000,26532.45832
PRT,TOT,USD,A,2001,26648.67269
PRT,TOT,USD,A,2002,26635.80073
PRT,TOT,USD,A,2003,26566.29442
PRT,TOT,USD,A,2004,26612.11692
PRT,TOT,USD,A,2005,26458.86261
PRT,TOT,USD,A,2006,25886.15108
PRT,TOT,USD,A,2007,26068.63225
PRT,TOT,USD,A,2008,25983.93756
PRT,TOT,USD,A,2009,27184.23325
PRT,TOT,USD,A,2010,27080.30185
PRT,TOT,USD,A,2011,26436.50017
PRT,TOT,USD,A,2012,25294.18881
PRT,TOT,USD,A,2013,25813.87846
PRT,TOT,USD,A,2014,25360.07583
PRT,TOT,USD,A,2015,25307.31462
PRT,TOT,USD,A,2016,25349.78641
PRT,TOT,USD,A,2017,25288.7215
PRT,TOT,USD,A,2018,25487.0637
SVK,TOT,USD,A,1994,11480.68549
SVK,TOT,USD,A,1995,12363.52029
SVK,TOT,USD,A,1996,13401.7861
SVK,TOT,USD,A,1997,15227.43898
SVK,TOT,USD,A,1998,15845.32581
SVK,TOT,USD,A,1999,15511.65399
SVK,TOT,USD,A,2000,16080.05696
SVK,TOT,USD,A,2001,16068.70649
SVK,TOT,USD,A,2002,16913.18308
SVK,TOT,USD,A,2003,17281.80747
SVK,TOT,USD,A,2004,17565.86376
SVK,TOT,USD,A,2005,18706.24278
SVK,TOT,USD,A,2006,19326.07933
SVK,TOT,USD,A,2007,20514.38732
SVK,TOT,USD,A,2008,20718.30133
SVK,TOT,USD,A,2009,21416.45177
SVK,TOT,USD,A,2010,22359.7881
SVK,TOT,USD,A,2011,22161.14524
SVK,TOT,USD,A,2012,21916.80509
SVK,TOT,USD,A,2013,22082.48241
SVK,TOT,USD,A,2014,22510.86712
SVK,TOT,USD,A,2015,23343.97434
SVK,TOT,USD,A,2016,24053.05324
SVK,TOT,USD,A,2017,24719.50495
SVK,TOT,USD,A,2018,25356.68229
ESP,TOT,USD,A,1990,35261.276
ESP,TOT,USD,A,1991,36132.66807
ESP,TOT,USD,A,1992,37151.37605
ESP,TOT,USD,A,1993,37443.57459
ESP,TOT,USD,A,1994,37541.55935
ESP,TOT,USD,A,1995,37380.03734
ESP,TOT,USD,A,1996,37925.39774
ESP,TOT,USD,A,1997,37950.14626
ESP,TOT,USD,A,1998,38019.02827
ESP,TOT,USD,A,1999,37883.01427
ESP,TOT,USD,A,2000,37250.03769
ESP,TOT,USD,A,2001,37242.04997
ESP,TOT,USD,A,2002,37517.03457
ESP,TOT,USD,A,2003,37415.83617
ESP,TOT,USD,A,2004,37029.53489
ESP,TOT,USD,A,2005,37244.82515
ESP,TOT,USD,A,2006,37103.76026
ESP,TOT,USD,A,2007,37589.70751
ESP,TOT,USD,A,2008,39102.30648
ESP,TOT,USD,A,2009,41750.91106
ESP,TOT,USD,A,2010,41034.3406
ESP,TOT,USD,A,2011,40452.8193
ESP,TOT,USD,A,2012,39301.60485
ESP,TOT,USD,A,2013,39391.29533
ESP,TOT,USD,A,2014,39397.76735
ESP,TOT,USD,A,2015,40087.62768
ESP,TOT,USD,A,2016,39860.34697
ESP,TOT,USD,A,2017,39073.25047
ESP,TOT,USD,A,2018,38761.18457
SWE,TOT,USD,A,1990,28576.24981
SWE,TOT,USD,A,1991,27195.81712
SWE,TOT,USD,A,1992,28045.41732
SWE,TOT,USD,A,1993,27712.83339
SWE,TOT,USD,A,1994,28396.98566
SWE,TOT,USD,A,1995,28450.20127
SWE,TOT,USD,A,1996,30117.16308
SWE,TOT,USD,A,1997,31329.72061
SWE,TOT,USD,A,1998,32319.00243
SWE,TOT,USD,A,1999,32992.62074
SWE,TOT,USD,A,2000,33964.42133
SWE,TOT,USD,A,2001,34287.2197
SWE,TOT,USD,A,2002,34808.21921
SWE,TOT,USD,A,2003,35240.4934
SWE,TOT,USD,A,2004,36310.77872
SWE,TOT,USD,A,2005,37018.85227
SWE,TOT,USD,A,2006,37913.35899
SWE,TOT,USD,A,2007,39137.0877
SWE,TOT,USD,A,2008,39678.83031
SWE,TOT,USD,A,2009,39938.31212
SWE,TOT,USD,A,2010,40175.42479
SWE,TOT,USD,A,2011,40680.56341
SWE,TOT,USD,A,2012,41581.03568
SWE,TOT,USD,A,2013,42015.76064
SWE,TOT,USD,A,2014,42444.08578
SWE,TOT,USD,A,2015,43159.39234
SWE,TOT,USD,A,2016,43735.72742
SWE,TOT,USD,A,2017,43987.49039
SWE,TOT,USD,A,2018,44196.23945
CHE,TOT,USD,A,1990,50707.40789
CHE,TOT,USD,A,1991,51605.26154
CHE,TOT,USD,A,1992,52069.25645
CHE,TOT,USD,A,1993,52598.73722
CHE,TOT,USD,A,1994,53262.82168
CHE,TOT,USD,A,1995,53414.40024
CHE,TOT,USD,A,1996,53880.50053
CHE,TOT,USD,A,1997,54633.60358
CHE,TOT,USD,A,1998,54687.01766
CHE,TOT,USD,A,1999,55522.48231
CHE,TOT,USD,A,2000,55854.0656
CHE,TOT,USD,A,2001,57936.20704
CHE,TOT,USD,A,2002,58837.58851
CHE,TOT,USD,A,2003,58689.68562
CHE,TOT,USD,A,2004,58182.12589
CHE,TOT,USD,A,2005,59064.00909
CHE,TOT,USD,A,2006,59430.94084
CHE,TOT,USD,A,2007,60304.40854
CHE,TOT,USD,A,2008,60629.72428
CHE,TOT,USD,A,2009,61856.11395
CHE,TOT,USD,A,2010,62002.87617
CHE,TOT,USD,A,2011,62107.93486
CHE,TOT,USD,A,2012,63207.26367
CHE,TOT,USD,A,2013,64180.86239
CHE,TOT,USD,A,2014,64284.54003
CHE,TOT,USD,A,2015,64222.83942
CHE,TOT,USD,A,2016,64063.94249
CHE,TOT,USD,A,2017,63899.88385
CHE,TOT,USD,A,2018,64108.55076
GBR,TOT,USD,A,1990,31504.60613
GBR,TOT,USD,A,1991,31490.96723
GBR,TOT,USD,A,1992,32122.8642
GBR,TOT,USD,A,1993,32658.15158
GBR,TOT,USD,A,1994,33250.26001
GBR,TOT,USD,A,1995,33290.4272
GBR,TOT,USD,A,1996,33294.27362
GBR,TOT,USD,A,1997,34247.96325
GBR,TOT,USD,A,1998,35857.1181
GBR,TOT,USD,A,1999,37181.28906
GBR,TOT,USD,A,2000,38908.20716
GBR,TOT,USD,A,2001,40839.51886
GBR,TOT,USD,A,2002,41517.1388
GBR,TOT,USD,A,2003,42651.94341
GBR,TOT,USD,A,2004,43662.67821
GBR,TOT,USD,A,2005,43597.24277
GBR,TOT,USD,A,2006,44590.06774
GBR,TOT,USD,A,2007,45881.92792
GBR,TOT,USD,A,2008,44679.45286
GBR,TOT,USD,A,2009,45455.23091
GBR,TOT,USD,A,2010,45526.55342
GBR,TOT,USD,A,2011,44375.68743
GBR,TOT,USD,A,2012,44006.8491
GBR,TOT,USD,A,2013,44141.38003
GBR,TOT,USD,A,2014,43782.31312
GBR,TOT,USD,A,2015,44125.73619
GBR,TOT,USD,A,2016,44465.81826
GBR,TOT,USD,A,2017,44589.7799
GBR,TOT,USD,A,2018,44770.04974
USA,TOT,USD,A,1990,45736.14587
USA,TOT,USD,A,1991,46046.56835
USA,TOT,USD,A,1992,47113.69779
USA,TOT,USD,A,1993,46843.15589
USA,TOT,USD,A,1994,46663.02617
USA,TOT,USD,A,1995,46934.65713
USA,TOT,USD,A,1996,47614.65675
USA,TOT,USD,A,1997,48796.86933
USA,TOT,USD,A,1998,50805.13643
USA,TOT,USD,A,1999,52135.40386
USA,TOT,USD,A,2000,53903.82146
USA,TOT,USD,A,2001,54359.72283
USA,TOT,USD,A,2002,54787.71284
USA,TOT,USD,A,2003,55459.67986
USA,TOT,USD,A,2004,56489.58598
USA,TOT,USD,A,2005,56556.66698
USA,TOT,USD,A,2006,57453.98395
USA,TOT,USD,A,2007,58597.29317
USA,TOT,USD,A,2008,58400.86926
USA,TOT,USD,A,2009,58872.60756
USA,TOT,USD,A,2010,59476.63603
USA,TOT,USD,A,2011,59562.47469
USA,TOT,USD,A,2012,60047.20521
USA,TOT,USD,A,2013,59765.75719
USA,TOT,USD,A,2014,60617.97202
USA,TOT,USD,A,2015,62106.29523
USA,TOT,USD,A,2016,62153.12401
USA,TOT,USD,A,2017,62727.43595
USA,TOT,USD,A,2018,63093.01464
EST,TOT,USD,A,1995,9376.990258
EST,TOT,USD,A,1996,9748.399141
EST,TOT,USD,A,1997,10663.93679
EST,TOT,USD,A,1998,11304.62059
EST,TOT,USD,A,1999,11736.91762
EST,TOT,USD,A,2000,12622.75554
EST,TOT,USD,A,2001,13117.57907
EST,TOT,USD,A,2002,13913.5684
EST,TOT,USD,A,2003,15170.47781
EST,TOT,USD,A,2004,16305.12278
EST,TOT,USD,A,2005,17284.88486
EST,TOT,USD,A,2006,18747.92154
EST,TOT,USD,A,2007,21771.87338
EST,TOT,USD,A,2008,22052.77515
EST,TOT,USD,A,2009,21304.52784
EST,TOT,USD,A,2010,21192.42548
EST,TOT,USD,A,2011,20320.64366
EST,TOT,USD,A,2012,21161.9214
EST,TOT,USD,A,2013,21459.59192
EST,TOT,USD,A,2014,22570.84161
EST,TOT,USD,A,2015,23436.37665
EST,TOT,USD,A,2016,24691.29576
EST,TOT,USD,A,2017,25368.05135
EST,TOT,USD,A,2018,26898.10346
ISR,TOT,USD,A,1995,30907.03605
ISR,TOT,USD,A,1996,33580.8171
ISR,TOT,USD,A,1997,34545.53572
ISR,TOT,USD,A,1998,35915.99616
ISR,TOT,USD,A,1999,36501.12822
ISR,TOT,USD,A,2000,37840.74599
ISR,TOT,USD,A,2001,38460.46394
ISR,TOT,USD,A,2002,36958.59111
ISR,TOT,USD,A,2003,35677.08693
ISR,TOT,USD,A,2004,35130.10037
ISR,TOT,USD,A,2005,35201.947
ISR,TOT,USD,A,2006,36326.00325
ISR,TOT,USD,A,2007,37025.38673
ISR,TOT,USD,A,2008,36073.73109
ISR,TOT,USD,A,2009,35294.28901
ISR,TOT,USD,A,2010,34997.43567
ISR,TOT,USD,A,2011,35274.91537
ISR,TOT,USD,A,2012,33166.65214
ISR,TOT,USD,A,2013,33428.18043
ISR,TOT,USD,A,2014,33516.04162
ISR,TOT,USD,A,2015,34481.71807
ISR,TOT,USD,A,2016,35701.37218
ISR,TOT,USD,A,2017,36678.69069
ISR,TOT,USD,A,2018,37655.30111
SVN,TOT,USD,A,1995,23337.72636
SVN,TOT,USD,A,1996,24544.07602
SVN,TOT,USD,A,1997,25880.34269
SVN,TOT,USD,A,1998,26217.56742
SVN,TOT,USD,A,1999,26697.11662
SVN,TOT,USD,A,2000,27455.11107
SVN,TOT,USD,A,2001,28565.56827
SVN,TOT,USD,A,2002,28647.24807
SVN,TOT,USD,A,2003,29246.65239
SVN,TOT,USD,A,2004,30686.58622
SVN,TOT,USD,A,2005,31855.15603
SVN,TOT,USD,A,2006,32888.12991
SVN,TOT,USD,A,2007,33606.50859
SVN,TOT,USD,A,2008,34097.16827
SVN,TOT,USD,A,2009,34435.84982
SVN,TOT,USD,A,2010,35473.81452
SVN,TOT,USD,A,2011,35340.76447
SVN,TOT,USD,A,2012,34227.66164
SVN,TOT,USD,A,2013,33748.93018
SVN,TOT,USD,A,2014,34282.48437
SVN,TOT,USD,A,2015,34933.64773
SVN,TOT,USD,A,2016,36153.4369
SVN,TOT,USD,A,2017,36883.00552
SVN,TOT,USD,A,2018,37321.90867
OECD,TOT,USD,A,1990,37549.65615
OECD,TOT,USD,A,1991,37870.70606
OECD,TOT,USD,A,1992,38692.37797
OECD,TOT,USD,A,1993,38768.24362
OECD,TOT,USD,A,1994,38254.27512
OECD,TOT,USD,A,1995,37713.10084
OECD,TOT,USD,A,1996,37886.25962
OECD,TOT,USD,A,1997,38557.2863
OECD,TOT,USD,A,1998,39485.45615
OECD,TOT,USD,A,1999,40372.27288
OECD,TOT,USD,A,2000,41215.44194
OECD,TOT,USD,A,2001,41649.96911
OECD,TOT,USD,A,2002,41798.4565
OECD,TOT,USD,A,2003,42190.7439
OECD,TOT,USD,A,2004,42775.03339
OECD,TOT,USD,A,2005,43071.99781
OECD,TOT,USD,A,2006,43452.41483
OECD,TOT,USD,A,2007,44014.85084
OECD,TOT,USD,A,2008,43934.20396
OECD,TOT,USD,A,2009,44258.64979
OECD,TOT,USD,A,2010,44418.80696
OECD,TOT,USD,A,2011,44590.63856
OECD,TOT,USD,A,2012,44581.75911
OECD,TOT,USD,A,2013,44696.33801
OECD,TOT,USD,A,2014,44996.65734
OECD,TOT,USD,A,2015,45708.77322
OECD,TOT,USD,A,2016,46016.7305
OECD,TOT,USD,A,2017,46293.9444
OECD,TOT,USD,A,2018,46686.33781
ISL,TOT,USD,A,1990,36381.53851
ISL,TOT,USD,A,1991,39332.42311
ISL,TOT,USD,A,1992,37983.70389
ISL,TOT,USD,A,1993,35993.14046
ISL,TOT,USD,A,1994,36711.71198
ISL,TOT,USD,A,1995,37577.91895
ISL,TOT,USD,A,1996,38923.81676
ISL,TOT,USD,A,1997,40710.03736
ISL,TOT,USD,A,1998,45013.05849
ISL,TOT,USD,A,1999,47045.61214
ISL,TOT,USD,A,2000,48486.6511
ISL,TOT,USD,A,2001,48201.87788
ISL,TOT,USD,A,2002,49586.08749
ISL,TOT,USD,A,2003,48307.49701
ISL,TOT,USD,A,2004,51577.52043
ISL,TOT,USD,A,2005,55607.2683
ISL,TOT,USD,A,2006,58094.69957
ISL,TOT,USD,A,2007,59636.16342
ISL,TOT,USD,A,2008,52850.92815
ISL,TOT,USD,A,2009,44701.05963
ISL,TOT,USD,A,2010,45951.92989
ISL,TOT,USD,A,2011,48156.17722
ISL,TOT,USD,A,2012,48049.69794
ISL,TOT,USD,A,2013,48858.15059
ISL,TOT,USD,A,2014,49471.50415
ISL,TOT,USD,A,2015,53261.71745
ISL,TOT,USD,A,2016,58131.14953
ISL,TOT,USD,A,2017,64415.10845
ISL,TOT,USD,A,2018,66504.28117
NZL,TOT,USD,A,1990,29942.70246
NZL,TOT,USD,A,1991,28739.13848
NZL,TOT,USD,A,1992,29991.08199
NZL,TOT,USD,A,1993,30796.09115
NZL,TOT,USD,A,1994,31370.31593
NZL,TOT,USD,A,1995,31201.77155
NZL,TOT,USD,A,1996,31738.45899
NZL,TOT,USD,A,1997,32599.97846
NZL,TOT,USD,A,1998,32105.16334
NZL,TOT,USD,A,1999,31655.04309
NZL,TOT,USD,A,2000,31805.88829
NZL,TOT,USD,A,2001,32391.38903
NZL,TOT,USD,A,2002,33005.01872
NZL,TOT,USD,A,2003,34210.66013
NZL,TOT,USD,A,2004,35419.56694
NZL,TOT,USD,A,2005,36022.33931
NZL,TOT,USD,A,2006,36253.35587
NZL,TOT,USD,A,2007,38387.93378
NZL,TOT,USD,A,2008,37964.81532
NZL,TOT,USD,A,2009,38433.34987
NZL,TOT,USD,A,2010,38802.78948
NZL,TOT,USD,A,2011,38803.58733
NZL,TOT,USD,A,2012,39621.7161
NZL,TOT,USD,A,2013,39110.6008
NZL,TOT,USD,A,2014,39419.08318
NZL,TOT,USD,A,2015,40255.73092
NZL,TOT,USD,A,2016,41765.00281
NZL,TOT,USD,A,2017,41953.58622
NZL,TOT,USD,A,2018,42324.8742
CHL,TOT,USD,A,1996,17070.14208
CHL,TOT,USD,A,1997,18268.23291
CHL,TOT,USD,A,1998,19130.44074
CHL,TOT,USD,A,1999,20347.74619
CHL,TOT,USD,A,2000,20309.97558
CHL,TOT,USD,A,2001,20951.91683
CHL,TOT,USD,A,2002,21222.44025
CHL,TOT,USD,A,2003,21972.45948
CHL,TOT,USD,A,2004,22524.87449
CHL,TOT,USD,A,2005,22351.60597
CHL,TOT,USD,A,2006,21889.12202
CHL,TOT,USD,A,2007,21967.17702
CHL,TOT,USD,A,2008,22409.14698
CHL,TOT,USD,A,2009,24037.70335
CHL,TOT,USD,A,2010,24960.82175
CHL,TOT,USD,A,2011,25106.35365
CHL,TOT,USD,A,2012,25914.9183
CHL,TOT,USD,A,2013,26583.78961
CHL,TOT,USD,A,2014,26803.54588
CHL,TOT,USD,A,2015,26759.21876
CHL,TOT,USD,A,2016,27655.34315
CHL,TOT,USD,A,2017,26766.6161
CHL,TOT,USD,A,2018,27124.71115
LVA,TOT,USD,A,1996,9265.988203
LVA,TOT,USD,A,1997,9696.221815
LVA,TOT,USD,A,1998,10003.56181
LVA,TOT,USD,A,1999,10426.38413
LVA,TOT,USD,A,2000,10987.35197
LVA,TOT,USD,A,2001,11359.35884
LVA,TOT,USD,A,2002,11003.51962
LVA,TOT,USD,A,2003,11819.29023
LVA,TOT,USD,A,2004,12795.57483
LVA,TOT,USD,A,2005,14893.40768
LVA,TOT,USD,A,2006,16439.20256
LVA,TOT,USD,A,2007,20280.41977
LVA,TOT,USD,A,2008,20949.70037
LVA,TOT,USD,A,2009,18917.12057
LVA,TOT,USD,A,2010,18174.85913
LVA,TOT,USD,A,2011,17541.35961
LVA,TOT,USD,A,2012,18272.87632
LVA,TOT,USD,A,2013,19151.96466
LVA,TOT,USD,A,2014,20429.45208
LVA,TOT,USD,A,2015,22295.31473
LVA,TOT,USD,A,2016,23591.68628
LVA,TOT,USD,A,2017,24633.97485
LVA,TOT,USD,A,2018,25586.19797
LTU,TOT,USD,A,1995,8058.508327
LTU,TOT,USD,A,1996,8968.899059
LTU,TOT,USD,A,1997,9925.880853
LTU,TOT,USD,A,1998,10839.2591
LTU,TOT,USD,A,1999,11311.499
LTU,TOT,USD,A,2000,11359.15675
LTU,TOT,USD,A,2001,12012.41154
LTU,TOT,USD,A,2002,12829.28546
LTU,TOT,USD,A,2003,14208.36001
LTU,TOT,USD,A,2004,15709.2157
LTU,TOT,USD,A,2005,17353.84188
LTU,TOT,USD,A,2006,19869.7781
LTU,TOT,USD,A,2007,21165.72425
LTU,TOT,USD,A,2008,21493.52742
LTU,TOT,USD,A,2009,18767.88658
LTU,TOT,USD,A,2010,18835.71381
LTU,TOT,USD,A,2011,19367.18179
LTU,TOT,USD,A,2012,19671.09994
LTU,TOT,USD,A,2013,20471.73064
LTU,TOT,USD,A,2014,21367.70885
LTU,TOT,USD,A,2015,22741.69964
LTU,TOT,USD,A,2016,23933.49993
LTU,TOT,USD,A,2017,25207.13875
LTU,TOT,USD,A,2018,26429.22819
