Territorio,Sesso,Classe di età,Titolo di studio,TIME,Value
Piemonte,maschi,15 anni e più,"licenza di scuola elementare, nessun titolo di studio",2018,226.2
Piemonte,maschi,15 anni e più,"licenza di scuola elementare, nessun titolo di studio",2019,211.578
Piemonte,maschi,15 anni e più,licenza di scuola media,2018,656.363
Piemonte,maschi,15 anni e più,licenza di scuola media,2019,651.879
Piemonte,maschi,15 anni e più,diploma 2-3 anni (qualifica professionale),2018,147.788
Piemonte,maschi,15 anni e più,diploma 2-3 anni (qualifica professionale),2019,154.293
Piemonte,maschi,15 anni e più,diploma 4-5 anni (maturità),2018,550.949
Piemonte,maschi,15 anni e più,diploma 4-5 anni (maturità),2019,548.997
Piemonte,maschi,15 anni e più,laurea e post-laurea,2018,238.289
Piemonte,maschi,15 anni e più,laurea e post-laurea,2019,249.088
Piemonte,maschi,15 anni e più,totale,2018,1819.589
Piemonte,maschi,15 anni e più,totale,2019,1815.835
Piemonte,femmine,15 anni e più,"licenza di scuola elementare, nessun titolo di studio",2018,378.804
Piemonte,femmine,15 anni e più,"licenza di scuola elementare, nessun titolo di studio",2019,357.712
Piemonte,femmine,15 anni e più,licenza di scuola media,2018,607.496
Piemonte,femmine,15 anni e più,licenza di scuola media,2019,602.782
Piemonte,femmine,15 anni e più,diploma 2-3 anni (qualifica professionale),2018,145.239
Piemonte,femmine,15 anni e più,diploma 2-3 anni (qualifica professionale),2019,155.893
Piemonte,femmine,15 anni e più,diploma 4-5 anni (maturità),2018,530.171
Piemonte,femmine,15 anni e più,diploma 4-5 anni (maturità),2019,547.044
Piemonte,femmine,15 anni e più,laurea e post-laurea,2018,300.911
Piemonte,femmine,15 anni e più,laurea e post-laurea,2019,293.036
Piemonte,femmine,15 anni e più,totale,2018,1962.622
Piemonte,femmine,15 anni e più,totale,2019,1956.466
Piemonte,totale,15 anni e più,"licenza di scuola elementare, nessun titolo di studio",2018,605.004
Piemonte,totale,15 anni e più,"licenza di scuola elementare, nessun titolo di studio",2019,569.29
Piemonte,totale,15 anni e più,licenza di scuola media,2018,1263.859
Piemonte,totale,15 anni e più,licenza di scuola media,2019,1254.661
Piemonte,totale,15 anni e più,diploma 2-3 anni (qualifica professionale),2018,293.028
Piemonte,totale,15 anni e più,diploma 2-3 anni (qualifica professionale),2019,310.186
Piemonte,totale,15 anni e più,diploma 4-5 anni (maturità),2018,1081.12
Piemonte,totale,15 anni e più,diploma 4-5 anni (maturità),2019,1096.041
Piemonte,totale,15 anni e più,laurea e post-laurea,2018,539.2
Piemonte,totale,15 anni e più,laurea e post-laurea,2019,542.123
Piemonte,totale,15 anni e più,totale,2018,3782.211
Piemonte,totale,15 anni e più,totale,2019,3772.301
Valle d'Aosta / Vallée d'Aoste,maschi,15 anni e più,"licenza di scuola elementare, nessun titolo di studio",2018,6.494
Valle d'Aosta / Vallée d'Aoste,maschi,15 anni e più,"licenza di scuola elementare, nessun titolo di studio",2019,6.186
Valle d'Aosta / Vallée d'Aoste,maschi,15 anni e più,licenza di scuola media,2018,20.345
Valle d'Aosta / Vallée d'Aoste,maschi,15 anni e più,licenza di scuola media,2019,20.486
Valle d'Aosta / Vallée d'Aoste,maschi,15 anni e più,diploma 2-3 anni (qualifica professionale),2018,3.693
Valle d'Aosta / Vallée d'Aoste,maschi,15 anni e più,diploma 2-3 anni (qualifica professionale),2019,3.424
Valle d'Aosta / Vallée d'Aoste,maschi,15 anni e più,diploma 4-5 anni (maturità),2018,15.935
Valle d'Aosta / Vallée d'Aoste,maschi,15 anni e più,diploma 4-5 anni (maturità),2019,16.3
Valle d'Aosta / Vallée d'Aoste,maschi,15 anni e più,laurea e post-laurea,2018,5.881
Valle d'Aosta / Vallée d'Aoste,maschi,15 anni e più,laurea e post-laurea,2019,5.829
Valle d'Aosta / Vallée d'Aoste,maschi,15 anni e più,totale,2018,52.348
Valle d'Aosta / Vallée d'Aoste,maschi,15 anni e più,totale,2019,52.225
Valle d'Aosta / Vallée d'Aoste,femmine,15 anni e più,"licenza di scuola elementare, nessun titolo di studio",2018,9.594
Valle d'Aosta / Vallée d'Aoste,femmine,15 anni e più,"licenza di scuola elementare, nessun titolo di studio",2019,9.226
Valle d'Aosta / Vallée d'Aoste,femmine,15 anni e più,licenza di scuola media,2018,18.193
Valle d'Aosta / Vallée d'Aoste,femmine,15 anni e più,licenza di scuola media,2019,17.563
Valle d'Aosta / Vallée d'Aoste,femmine,15 anni e più,diploma 2-3 anni (qualifica professionale),2018,3.115
Valle d'Aosta / Vallée d'Aoste,femmine,15 anni e più,diploma 2-3 anni (qualifica professionale),2019,3.261
Valle d'Aosta / Vallée d'Aoste,femmine,15 anni e più,diploma 4-5 anni (maturità),2018,15.841
Valle d'Aosta / Vallée d'Aoste,femmine,15 anni e più,diploma 4-5 anni (maturità),2019,16.741
Valle d'Aosta / Vallée d'Aoste,femmine,15 anni e più,laurea e post-laurea,2018,9.077
Valle d'Aosta / Vallée d'Aoste,femmine,15 anni e più,laurea e post-laurea,2019,8.987
Valle d'Aosta / Vallée d'Aoste,femmine,15 anni e più,totale,2018,55.82
Valle d'Aosta / Vallée d'Aoste,femmine,15 anni e più,totale,2019,55.777
Valle d'Aosta / Vallée d'Aoste,totale,15 anni e più,"licenza di scuola elementare, nessun titolo di studio",2018,16.088
Valle d'Aosta / Vallée d'Aoste,totale,15 anni e più,"licenza di scuola elementare, nessun titolo di studio",2019,15.412
Valle d'Aosta / Vallée d'Aoste,totale,15 anni e più,licenza di scuola media,2018,38.538
Valle d'Aosta / Vallée d'Aoste,totale,15 anni e più,licenza di scuola media,2019,38.049
Valle d'Aosta / Vallée d'Aoste,totale,15 anni e più,diploma 2-3 anni (qualifica professionale),2018,6.809
Valle d'Aosta / Vallée d'Aoste,totale,15 anni e più,diploma 2-3 anni (qualifica professionale),2019,6.685
Valle d'Aosta / Vallée d'Aoste,totale,15 anni e più,diploma 4-5 anni (maturità),2018,31.776
Valle d'Aosta / Vallée d'Aoste,totale,15 anni e più,diploma 4-5 anni (maturità),2019,33.042
Valle d'Aosta / Vallée d'Aoste,totale,15 anni e più,laurea e post-laurea,2018,14.958
Valle d'Aosta / Vallée d'Aoste,totale,15 anni e più,laurea e post-laurea,2019,14.816
Valle d'Aosta / Vallée d'Aoste,totale,15 anni e più,totale,2018,108.168
Valle d'Aosta / Vallée d'Aoste,totale,15 anni e più,totale,2019,108.002
Liguria,maschi,15 anni e più,"licenza di scuola elementare, nessun titolo di studio",2018,68.872
Liguria,maschi,15 anni e più,"licenza di scuola elementare, nessun titolo di studio",2019,63.819
Liguria,maschi,15 anni e più,licenza di scuola media,2018,218.512
Liguria,maschi,15 anni e più,licenza di scuola media,2019,210.015
Liguria,maschi,15 anni e più,diploma 2-3 anni (qualifica professionale),2018,41.877
Liguria,maschi,15 anni e più,diploma 2-3 anni (qualifica professionale),2019,48.135
Liguria,maschi,15 anni e più,diploma 4-5 anni (maturità),2018,223.108
Liguria,maschi,15 anni e più,diploma 4-5 anni (maturità),2019,226.415
Liguria,maschi,15 anni e più,laurea e post-laurea,2018,94.747
Liguria,maschi,15 anni e più,laurea e post-laurea,2019,96.512
Liguria,maschi,15 anni e più,totale,2018,647.116
Liguria,maschi,15 anni e più,totale,2019,644.897
Liguria,femmine,15 anni e più,"licenza di scuola elementare, nessun titolo di studio",2018,127.001
Liguria,femmine,15 anni e più,"licenza di scuola elementare, nessun titolo di studio",2019,121.723
Liguria,femmine,15 anni e più,licenza di scuola media,2018,209.44
Liguria,femmine,15 anni e più,licenza di scuola media,2019,199.764
Liguria,femmine,15 anni e più,diploma 2-3 anni (qualifica professionale),2018,43.206
Liguria,femmine,15 anni e più,diploma 2-3 anni (qualifica professionale),2019,43.245
Liguria,femmine,15 anni e più,diploma 4-5 anni (maturità),2018,212.201
Liguria,femmine,15 anni e più,diploma 4-5 anni (maturità),2019,228.38
Liguria,femmine,15 anni e più,laurea e post-laurea,2018,128.197
Liguria,femmine,15 anni e più,laurea e post-laurea,2019,123.725
Liguria,femmine,15 anni e più,totale,2018,720.045
Liguria,femmine,15 anni e più,totale,2019,716.837
Liguria,totale,15 anni e più,"licenza di scuola elementare, nessun titolo di studio",2018,195.873
Liguria,totale,15 anni e più,"licenza di scuola elementare, nessun titolo di studio",2019,185.542
Liguria,totale,15 anni e più,licenza di scuola media,2018,427.953
Liguria,totale,15 anni e più,licenza di scuola media,2019,409.778
Liguria,totale,15 anni e più,diploma 2-3 anni (qualifica professionale),2018,85.083
Liguria,totale,15 anni e più,diploma 2-3 anni (qualifica professionale),2019,91.38
Liguria,totale,15 anni e più,diploma 4-5 anni (maturità),2018,435.309
Liguria,totale,15 anni e più,diploma 4-5 anni (maturità),2019,454.796
Liguria,totale,15 anni e più,laurea e post-laurea,2018,222.944
Liguria,totale,15 anni e più,laurea e post-laurea,2019,220.237
Liguria,totale,15 anni e più,totale,2018,1367.161
Liguria,totale,15 anni e più,totale,2019,1361.734
Lombardia,maschi,15 anni e più,"licenza di scuola elementare, nessun titolo di studio",2018,483.472
Lombardia,maschi,15 anni e più,"licenza di scuola elementare, nessun titolo di studio",2019,445.066
Lombardia,maschi,15 anni e più,licenza di scuola media,2018,1461.482
Lombardia,maschi,15 anni e più,licenza di scuola media,2019,1506.645
Lombardia,maschi,15 anni e più,diploma 2-3 anni (qualifica professionale),2018,348.979
Lombardia,maschi,15 anni e più,diploma 2-3 anni (qualifica professionale),2019,330.645
Lombardia,maschi,15 anni e più,diploma 4-5 anni (maturità),2018,1252.643
Lombardia,maschi,15 anni e più,diploma 4-5 anni (maturità),2019,1284.158
Lombardia,maschi,15 anni e più,laurea e post-laurea,2018,624.448
Lombardia,maschi,15 anni e più,laurea e post-laurea,2019,622.955
Lombardia,maschi,15 anni e più,totale,2018,4171.024
Lombardia,maschi,15 anni e più,totale,2019,4189.469
Lombardia,femmine,15 anni e più,"licenza di scuola elementare, nessun titolo di studio",2018,790.853
Lombardia,femmine,15 anni e più,"licenza di scuola elementare, nessun titolo di studio",2019,725.251
Lombardia,femmine,15 anni e più,licenza di scuola media,2018,1308.483
Lombardia,femmine,15 anni e più,licenza di scuola media,2019,1356.579
Lombardia,femmine,15 anni e più,diploma 2-3 anni (qualifica professionale),2018,372.84
Lombardia,femmine,15 anni e più,diploma 2-3 anni (qualifica professionale),2019,389.046
Lombardia,femmine,15 anni e più,diploma 4-5 anni (maturità),2018,1197.391
Lombardia,femmine,15 anni e più,diploma 4-5 anni (maturità),2019,1203.471
Lombardia,femmine,15 anni e più,laurea e post-laurea,2018,751.028
Lombardia,femmine,15 anni e più,laurea e post-laurea,2019,759.828
Lombardia,femmine,15 anni e più,totale,2018,4420.594
Lombardia,femmine,15 anni e più,totale,2019,4434.175
Lombardia,totale,15 anni e più,"licenza di scuola elementare, nessun titolo di studio",2018,1274.326
Lombardia,totale,15 anni e più,"licenza di scuola elementare, nessun titolo di studio",2019,1170.317
Lombardia,totale,15 anni e più,licenza di scuola media,2018,2769.965
Lombardia,totale,15 anni e più,licenza di scuola media,2019,2863.225
Lombardia,totale,15 anni e più,diploma 2-3 anni (qualifica professionale),2018,721.818
Lombardia,totale,15 anni e più,diploma 2-3 anni (qualifica professionale),2019,719.69
Lombardia,totale,15 anni e più,diploma 4-5 anni (maturità),2018,2450.034
Lombardia,totale,15 anni e più,diploma 4-5 anni (maturità),2019,2487.629
Lombardia,totale,15 anni e più,laurea e post-laurea,2018,1375.476
Lombardia,totale,15 anni e più,laurea e post-laurea,2019,1382.783
Lombardia,totale,15 anni e più,totale,2018,8591.618
Lombardia,totale,15 anni e più,totale,2019,8623.644
Trentino Alto Adige / Südtirol,maschi,15 anni e più,"licenza di scuola elementare, nessun titolo di studio",2018,46.498
Trentino Alto Adige / Südtirol,maschi,15 anni e più,"licenza di scuola elementare, nessun titolo di studio",2019,41.606
Trentino Alto Adige / Südtirol,maschi,15 anni e più,licenza di scuola media,2018,148.501
Trentino Alto Adige / Südtirol,maschi,15 anni e più,licenza di scuola media,2019,155.134
Trentino Alto Adige / Südtirol,maschi,15 anni e più,diploma 2-3 anni (qualifica professionale),2018,75.675
Trentino Alto Adige / Südtirol,maschi,15 anni e più,diploma 2-3 anni (qualifica professionale),2019,75.077
Trentino Alto Adige / Südtirol,maschi,15 anni e più,diploma 4-5 anni (maturità),2018,109.737
Trentino Alto Adige / Südtirol,maschi,15 anni e più,diploma 4-5 anni (maturità),2019,111.176
Trentino Alto Adige / Südtirol,maschi,15 anni e più,laurea e post-laurea,2018,55.627
Trentino Alto Adige / Südtirol,maschi,15 anni e più,laurea e post-laurea,2019,55.261
Trentino Alto Adige / Südtirol,maschi,15 anni e più,totale,2018,436.038
Trentino Alto Adige / Südtirol,maschi,15 anni e più,totale,2019,438.255
Trentino Alto Adige / Südtirol,femmine,15 anni e più,"licenza di scuola elementare, nessun titolo di studio",2018,71.139
Trentino Alto Adige / Südtirol,femmine,15 anni e più,"licenza di scuola elementare, nessun titolo di studio",2019,65.581
Trentino Alto Adige / Südtirol,femmine,15 anni e più,licenza di scuola media,2018,133.472
Trentino Alto Adige / Südtirol,femmine,15 anni e più,licenza di scuola media,2019,134.74
Trentino Alto Adige / Südtirol,femmine,15 anni e più,diploma 2-3 anni (qualifica professionale),2018,63.817
Trentino Alto Adige / Südtirol,femmine,15 anni e più,diploma 2-3 anni (qualifica professionale),2019,64.532
Trentino Alto Adige / Südtirol,femmine,15 anni e più,diploma 4-5 anni (maturità),2018,117.841
Trentino Alto Adige / Südtirol,femmine,15 anni e più,diploma 4-5 anni (maturità),2019,122.559
Trentino Alto Adige / Südtirol,femmine,15 anni e più,laurea e post-laurea,2018,71.838
Trentino Alto Adige / Südtirol,femmine,15 anni e più,laurea e post-laurea,2019,72.582
Trentino Alto Adige / Südtirol,femmine,15 anni e più,totale,2018,458.105
Trentino Alto Adige / Südtirol,femmine,15 anni e più,totale,2019,459.995
Trentino Alto Adige / Südtirol,totale,15 anni e più,"licenza di scuola elementare, nessun titolo di studio",2018,117.637
Trentino Alto Adige / Südtirol,totale,15 anni e più,"licenza di scuola elementare, nessun titolo di studio",2019,107.188
Trentino Alto Adige / Südtirol,totale,15 anni e più,licenza di scuola media,2018,281.972
Trentino Alto Adige / Südtirol,totale,15 anni e più,licenza di scuola media,2019,289.874
Trentino Alto Adige / Südtirol,totale,15 anni e più,diploma 2-3 anni (qualifica professionale),2018,139.491
Trentino Alto Adige / Südtirol,totale,15 anni e più,diploma 2-3 anni (qualifica professionale),2019,139.61
Trentino Alto Adige / Südtirol,totale,15 anni e più,diploma 4-5 anni (maturità),2018,227.578
Trentino Alto Adige / Südtirol,totale,15 anni e più,diploma 4-5 anni (maturità),2019,233.735
Trentino Alto Adige / Südtirol,totale,15 anni e più,laurea e post-laurea,2018,127.465
Trentino Alto Adige / Südtirol,totale,15 anni e più,laurea e post-laurea,2019,127.843
Trentino Alto Adige / Südtirol,totale,15 anni e più,totale,2018,894.143
Trentino Alto Adige / Südtirol,totale,15 anni e più,totale,2019,898.249
Provincia Autonoma Bolzano / Bozen,maschi,15 anni e più,"licenza di scuola elementare, nessun titolo di studio",2018,24.375
Provincia Autonoma Bolzano / Bozen,maschi,15 anni e più,"licenza di scuola elementare, nessun titolo di studio",2019,20.943
Provincia Autonoma Bolzano / Bozen,maschi,15 anni e più,licenza di scuola media,2018,76.814
Provincia Autonoma Bolzano / Bozen,maschi,15 anni e più,licenza di scuola media,2019,80.653
Provincia Autonoma Bolzano / Bozen,maschi,15 anni e più,diploma 2-3 anni (qualifica professionale),2018,39.077
Provincia Autonoma Bolzano / Bozen,maschi,15 anni e più,diploma 2-3 anni (qualifica professionale),2019,37.508
Provincia Autonoma Bolzano / Bozen,maschi,15 anni e più,diploma 4-5 anni (maturità),2018,49.552
Provincia Autonoma Bolzano / Bozen,maschi,15 anni e più,diploma 4-5 anni (maturità),2019,51.874
Provincia Autonoma Bolzano / Bozen,maschi,15 anni e più,laurea e post-laurea,2018,24.232
Provincia Autonoma Bolzano / Bozen,maschi,15 anni e più,laurea e post-laurea,2019,24.452
Provincia Autonoma Bolzano / Bozen,maschi,15 anni e più,totale,2018,214.051
Provincia Autonoma Bolzano / Bozen,maschi,15 anni e più,totale,2019,215.43
Provincia Autonoma Bolzano / Bozen,femmine,15 anni e più,"licenza di scuola elementare, nessun titolo di studio",2018,36.061
Provincia Autonoma Bolzano / Bozen,femmine,15 anni e più,"licenza di scuola elementare, nessun titolo di studio",2019,30.988
Provincia Autonoma Bolzano / Bozen,femmine,15 anni e più,licenza di scuola media,2018,64.646
Provincia Autonoma Bolzano / Bozen,femmine,15 anni e più,licenza di scuola media,2019,67.117
Provincia Autonoma Bolzano / Bozen,femmine,15 anni e più,diploma 2-3 anni (qualifica professionale),2018,35.988
Provincia Autonoma Bolzano / Bozen,femmine,15 anni e più,diploma 2-3 anni (qualifica professionale),2019,36.104
Provincia Autonoma Bolzano / Bozen,femmine,15 anni e più,diploma 4-5 anni (maturità),2018,55.745
Provincia Autonoma Bolzano / Bozen,femmine,15 anni e più,diploma 4-5 anni (maturità),2019,59.965
Provincia Autonoma Bolzano / Bozen,femmine,15 anni e più,laurea e post-laurea,2018,31.792
Provincia Autonoma Bolzano / Bozen,femmine,15 anni e più,laurea e post-laurea,2019,31.226
Provincia Autonoma Bolzano / Bozen,femmine,15 anni e più,totale,2018,224.233
Provincia Autonoma Bolzano / Bozen,femmine,15 anni e più,totale,2019,225.4
Provincia Autonoma Bolzano / Bozen,totale,15 anni e più,"licenza di scuola elementare, nessun titolo di studio",2018,60.436
Provincia Autonoma Bolzano / Bozen,totale,15 anni e più,"licenza di scuola elementare, nessun titolo di studio",2019,51.93
Provincia Autonoma Bolzano / Bozen,totale,15 anni e più,licenza di scuola media,2018,141.461
Provincia Autonoma Bolzano / Bozen,totale,15 anni e più,licenza di scuola media,2019,147.77
Provincia Autonoma Bolzano / Bozen,totale,15 anni e più,diploma 2-3 anni (qualifica professionale),2018,75.066
Provincia Autonoma Bolzano / Bozen,totale,15 anni e più,diploma 2-3 anni (qualifica professionale),2019,73.612
Provincia Autonoma Bolzano / Bozen,totale,15 anni e più,diploma 4-5 anni (maturità),2018,105.297
Provincia Autonoma Bolzano / Bozen,totale,15 anni e più,diploma 4-5 anni (maturità),2019,111.839
Provincia Autonoma Bolzano / Bozen,totale,15 anni e più,laurea e post-laurea,2018,56.024
Provincia Autonoma Bolzano / Bozen,totale,15 anni e più,laurea e post-laurea,2019,55.678
Provincia Autonoma Bolzano / Bozen,totale,15 anni e più,totale,2018,438.284
Provincia Autonoma Bolzano / Bozen,totale,15 anni e più,totale,2019,440.829
Provincia Autonoma Trento,maschi,15 anni e più,"licenza di scuola elementare, nessun titolo di studio",2018,22.123
Provincia Autonoma Trento,maschi,15 anni e più,"licenza di scuola elementare, nessun titolo di studio",2019,20.664
Provincia Autonoma Trento,maschi,15 anni e più,licenza di scuola media,2018,71.686
Provincia Autonoma Trento,maschi,15 anni e più,licenza di scuola media,2019,74.481
Provincia Autonoma Trento,maschi,15 anni e più,diploma 2-3 anni (qualifica professionale),2018,36.598
Provincia Autonoma Trento,maschi,15 anni e più,diploma 2-3 anni (qualifica professionale),2019,37.569
Provincia Autonoma Trento,maschi,15 anni e più,diploma 4-5 anni (maturità),2018,60.185
Provincia Autonoma Trento,maschi,15 anni e più,diploma 4-5 anni (maturità),2019,59.302
Provincia Autonoma Trento,maschi,15 anni e più,laurea e post-laurea,2018,31.395
Provincia Autonoma Trento,maschi,15 anni e più,laurea e post-laurea,2019,30.809
Provincia Autonoma Trento,maschi,15 anni e più,totale,2018,221.988
Provincia Autonoma Trento,maschi,15 anni e più,totale,2019,222.825
Provincia Autonoma Trento,femmine,15 anni e più,"licenza di scuola elementare, nessun titolo di studio",2018,35.078
Provincia Autonoma Trento,femmine,15 anni e più,"licenza di scuola elementare, nessun titolo di studio",2019,34.594
Provincia Autonoma Trento,femmine,15 anni e più,licenza di scuola media,2018,68.825
Provincia Autonoma Trento,femmine,15 anni e più,licenza di scuola media,2019,67.623
Provincia Autonoma Trento,femmine,15 anni e più,diploma 2-3 anni (qualifica professionale),2018,27.828
Provincia Autonoma Trento,femmine,15 anni e più,diploma 2-3 anni (qualifica professionale),2019,28.428
Provincia Autonoma Trento,femmine,15 anni e più,diploma 4-5 anni (maturità),2018,62.096
Provincia Autonoma Trento,femmine,15 anni e più,diploma 4-5 anni (maturità),2019,62.594
Provincia Autonoma Trento,femmine,15 anni e più,laurea e post-laurea,2018,40.045
Provincia Autonoma Trento,femmine,15 anni e più,laurea e post-laurea,2019,41.356
Provincia Autonoma Trento,femmine,15 anni e più,totale,2018,233.872
Provincia Autonoma Trento,femmine,15 anni e più,totale,2019,234.595
Provincia Autonoma Trento,totale,15 anni e più,"licenza di scuola elementare, nessun titolo di studio",2018,57.201
Provincia Autonoma Trento,totale,15 anni e più,"licenza di scuola elementare, nessun titolo di studio",2019,55.257
Provincia Autonoma Trento,totale,15 anni e più,licenza di scuola media,2018,140.511
Provincia Autonoma Trento,totale,15 anni e più,licenza di scuola media,2019,142.104
Provincia Autonoma Trento,totale,15 anni e più,diploma 2-3 anni (qualifica professionale),2018,64.426
Provincia Autonoma Trento,totale,15 anni e più,diploma 2-3 anni (qualifica professionale),2019,65.997
Provincia Autonoma Trento,totale,15 anni e più,diploma 4-5 anni (maturità),2018,122.281
Provincia Autonoma Trento,totale,15 anni e più,diploma 4-5 anni (maturità),2019,121.896
Provincia Autonoma Trento,totale,15 anni e più,laurea e post-laurea,2018,71.441
Provincia Autonoma Trento,totale,15 anni e più,laurea e post-laurea,2019,72.165
Provincia Autonoma Trento,totale,15 anni e più,totale,2018,455.86
Provincia Autonoma Trento,totale,15 anni e più,totale,2019,457.42
Veneto,maschi,15 anni e più,"licenza di scuola elementare, nessun titolo di studio",2018,255.176
Veneto,maschi,15 anni e più,"licenza di scuola elementare, nessun titolo di studio",2019,236.937
Veneto,maschi,15 anni e più,licenza di scuola media,2018,680.125
Veneto,maschi,15 anni e più,licenza di scuola media,2019,700.358
Veneto,maschi,15 anni e più,diploma 2-3 anni (qualifica professionale),2018,231.624
Veneto,maschi,15 anni e più,diploma 2-3 anni (qualifica professionale),2019,231.913
Veneto,maschi,15 anni e più,diploma 4-5 anni (maturità),2018,623.402
Veneto,maschi,15 anni e più,diploma 4-5 anni (maturità),2019,615.677
Veneto,maschi,15 anni e più,laurea e post-laurea,2018,251.95
Veneto,maschi,15 anni e più,laurea e post-laurea,2019,263.986
Veneto,maschi,15 anni e più,totale,2018,2042.278
Veneto,maschi,15 anni e più,totale,2019,2048.87
Veneto,femmine,15 anni e più,"licenza di scuola elementare, nessun titolo di studio",2018,442.583
Veneto,femmine,15 anni e più,"licenza di scuola elementare, nessun titolo di studio",2019,421.949
Veneto,femmine,15 anni e più,licenza di scuola media,2018,636.058
Veneto,femmine,15 anni e più,licenza di scuola media,2019,639.412
Veneto,femmine,15 anni e più,diploma 2-3 anni (qualifica professionale),2018,181.051
Veneto,femmine,15 anni e più,diploma 2-3 anni (qualifica professionale),2019,184.777
Veneto,femmine,15 anni e più,diploma 4-5 anni (maturità),2018,568.625
Veneto,femmine,15 anni e più,diploma 4-5 anni (maturità),2019,573.846
Veneto,femmine,15 anni e più,laurea e post-laurea,2018,335.224
Veneto,femmine,15 anni e più,laurea e post-laurea,2019,346.46
Veneto,femmine,15 anni e più,totale,2018,2163.541
Veneto,femmine,15 anni e più,totale,2019,2166.446
Veneto,totale,15 anni e più,"licenza di scuola elementare, nessun titolo di studio",2018,697.759
Veneto,totale,15 anni e più,"licenza di scuola elementare, nessun titolo di studio",2019,658.886
Veneto,totale,15 anni e più,licenza di scuola media,2018,1316.184
Veneto,totale,15 anni e più,licenza di scuola media,2019,1339.77
Veneto,totale,15 anni e più,diploma 2-3 anni (qualifica professionale),2018,412.676
Veneto,totale,15 anni e più,diploma 2-3 anni (qualifica professionale),2019,416.691
Veneto,totale,15 anni e più,diploma 4-5 anni (maturità),2018,1192.027
Veneto,totale,15 anni e più,diploma 4-5 anni (maturità),2019,1189.523
Veneto,totale,15 anni e più,laurea e post-laurea,2018,587.174
Veneto,totale,15 anni e più,laurea e post-laurea,2019,610.446
Veneto,totale,15 anni e più,totale,2018,4205.818
Veneto,totale,15 anni e più,totale,2019,4215.316
Friuli-Venezia Giulia,maschi,15 anni e più,"licenza di scuola elementare, nessun titolo di studio",2018,53.546
Friuli-Venezia Giulia,maschi,15 anni e più,"licenza di scuola elementare, nessun titolo di studio",2019,45.588
Friuli-Venezia Giulia,maschi,15 anni e più,licenza di scuola media,2018,163.926
Friuli-Venezia Giulia,maschi,15 anni e più,licenza di scuola media,2019,164.016
Friuli-Venezia Giulia,maschi,15 anni e più,diploma 2-3 anni (qualifica professionale),2018,53.108
Friuli-Venezia Giulia,maschi,15 anni e più,diploma 2-3 anni (qualifica professionale),2019,55.953
Friuli-Venezia Giulia,maschi,15 anni e più,diploma 4-5 anni (maturità),2018,166.688
Friuli-Venezia Giulia,maschi,15 anni e più,diploma 4-5 anni (maturità),2019,171.663
Friuli-Venezia Giulia,maschi,15 anni e più,laurea e post-laurea,2018,72.797
Friuli-Venezia Giulia,maschi,15 anni e più,laurea e post-laurea,2019,73.073
Friuli-Venezia Giulia,maschi,15 anni e più,totale,2018,510.064
Friuli-Venezia Giulia,maschi,15 anni e più,totale,2019,510.293
Friuli-Venezia Giulia,femmine,15 anni e più,"licenza di scuola elementare, nessun titolo di studio",2018,98.058
Friuli-Venezia Giulia,femmine,15 anni e più,"licenza di scuola elementare, nessun titolo di studio",2019,91.8
Friuli-Venezia Giulia,femmine,15 anni e più,licenza di scuola media,2018,162.882
Friuli-Venezia Giulia,femmine,15 anni e più,licenza di scuola media,2019,158.362
Friuli-Venezia Giulia,femmine,15 anni e più,diploma 2-3 anni (qualifica professionale),2018,41.997
Friuli-Venezia Giulia,femmine,15 anni e più,diploma 2-3 anni (qualifica professionale),2019,43.276
Friuli-Venezia Giulia,femmine,15 anni e più,diploma 4-5 anni (maturità),2018,155.429
Friuli-Venezia Giulia,femmine,15 anni e più,diploma 4-5 anni (maturità),2019,163.137
Friuli-Venezia Giulia,femmine,15 anni e più,laurea e post-laurea,2018,89.637
Friuli-Venezia Giulia,femmine,15 anni e più,laurea e post-laurea,2019,90.699
Friuli-Venezia Giulia,femmine,15 anni e più,totale,2018,548.004
Friuli-Venezia Giulia,femmine,15 anni e più,totale,2019,547.274
Friuli-Venezia Giulia,totale,15 anni e più,"licenza di scuola elementare, nessun titolo di studio",2018,151.604
Friuli-Venezia Giulia,totale,15 anni e più,"licenza di scuola elementare, nessun titolo di studio",2019,137.387
Friuli-Venezia Giulia,totale,15 anni e più,licenza di scuola media,2018,326.808
Friuli-Venezia Giulia,totale,15 anni e più,licenza di scuola media,2019,322.378
Friuli-Venezia Giulia,totale,15 anni e più,diploma 2-3 anni (qualifica professionale),2018,95.105
Friuli-Venezia Giulia,totale,15 anni e più,diploma 2-3 anni (qualifica professionale),2019,99.229
Friuli-Venezia Giulia,totale,15 anni e più,diploma 4-5 anni (maturità),2018,322.117
Friuli-Venezia Giulia,totale,15 anni e più,diploma 4-5 anni (maturità),2019,334.8
Friuli-Venezia Giulia,totale,15 anni e più,laurea e post-laurea,2018,162.434
Friuli-Venezia Giulia,totale,15 anni e più,laurea e post-laurea,2019,163.772
Friuli-Venezia Giulia,totale,15 anni e più,totale,2018,1058.068
Friuli-Venezia Giulia,totale,15 anni e più,totale,2019,1057.567
Emilia-Romagna,maschi,15 anni e più,"licenza di scuola elementare, nessun titolo di studio",2018,237.071
Emilia-Romagna,maschi,15 anni e più,"licenza di scuola elementare, nessun titolo di studio",2019,215.69
Emilia-Romagna,maschi,15 anni e più,licenza di scuola media,2018,595.485
Emilia-Romagna,maschi,15 anni e più,licenza di scuola media,2019,616.198
Emilia-Romagna,maschi,15 anni e più,diploma 2-3 anni (qualifica professionale),2018,145.105
Emilia-Romagna,maschi,15 anni e più,diploma 2-3 anni (qualifica professionale),2019,143.857
Emilia-Romagna,maschi,15 anni e più,diploma 4-5 anni (maturità),2018,586.221
Emilia-Romagna,maschi,15 anni e più,diploma 4-5 anni (maturità),2019,587.847
Emilia-Romagna,maschi,15 anni e più,laurea e post-laurea,2018,280.186
Emilia-Romagna,maschi,15 anni e più,laurea e post-laurea,2019,286.321
Emilia-Romagna,maschi,15 anni e più,totale,2018,1844.066
Emilia-Romagna,maschi,15 anni e più,totale,2019,1849.913
Emilia-Romagna,femmine,15 anni e più,"licenza di scuola elementare, nessun titolo di studio",2018,367.388
Emilia-Romagna,femmine,15 anni e più,"licenza di scuola elementare, nessun titolo di studio",2019,353.138
Emilia-Romagna,femmine,15 anni e più,licenza di scuola media,2018,522.995
Emilia-Romagna,femmine,15 anni e più,licenza di scuola media,2019,514.217
Emilia-Romagna,femmine,15 anni e più,diploma 2-3 anni (qualifica professionale),2018,140.781
Emilia-Romagna,femmine,15 anni e più,diploma 2-3 anni (qualifica professionale),2019,140.533
Emilia-Romagna,femmine,15 anni e più,diploma 4-5 anni (maturità),2018,596.851
Emilia-Romagna,femmine,15 anni e più,diploma 4-5 anni (maturità),2019,606.001
Emilia-Romagna,femmine,15 anni e più,laurea e post-laurea,2018,360.395
Emilia-Romagna,femmine,15 anni e più,laurea e post-laurea,2019,377.713
Emilia-Romagna,femmine,15 anni e più,totale,2018,1988.41
Emilia-Romagna,femmine,15 anni e più,totale,2019,1991.601
Emilia-Romagna,totale,15 anni e più,"licenza di scuola elementare, nessun titolo di studio",2018,604.459
Emilia-Romagna,totale,15 anni e più,"licenza di scuola elementare, nessun titolo di studio",2019,568.828
Emilia-Romagna,totale,15 anni e più,licenza di scuola media,2018,1118.479
Emilia-Romagna,totale,15 anni e più,licenza di scuola media,2019,1130.415
Emilia-Romagna,totale,15 anni e più,diploma 2-3 anni (qualifica professionale),2018,285.886
Emilia-Romagna,totale,15 anni e più,diploma 2-3 anni (qualifica professionale),2019,284.39
Emilia-Romagna,totale,15 anni e più,diploma 4-5 anni (maturità),2018,1183.072
Emilia-Romagna,totale,15 anni e più,diploma 4-5 anni (maturità),2019,1193.848
Emilia-Romagna,totale,15 anni e più,laurea e post-laurea,2018,640.581
Emilia-Romagna,totale,15 anni e più,laurea e post-laurea,2019,664.034
Emilia-Romagna,totale,15 anni e più,totale,2018,3832.476
Emilia-Romagna,totale,15 anni e più,totale,2019,3841.514
Toscana,maschi,15 anni e più,"licenza di scuola elementare, nessun titolo di studio",2018,219.1
Toscana,maschi,15 anni e più,"licenza di scuola elementare, nessun titolo di studio",2019,212.163
Toscana,maschi,15 anni e più,licenza di scuola media,2018,518.806
Toscana,maschi,15 anni e più,licenza di scuola media,2019,531.969
Toscana,maschi,15 anni e più,diploma 2-3 anni (qualifica professionale),2018,71.498
Toscana,maschi,15 anni e più,diploma 2-3 anni (qualifica professionale),2019,79.201
Toscana,maschi,15 anni e più,diploma 4-5 anni (maturità),2018,513.23
Toscana,maschi,15 anni e più,diploma 4-5 anni (maturità),2019,508.09
Toscana,maschi,15 anni e più,laurea e post-laurea,2018,226.814
Toscana,maschi,15 anni e più,laurea e post-laurea,2019,217.448
Toscana,maschi,15 anni e più,totale,2018,1549.448
Toscana,maschi,15 anni e più,totale,2019,1548.872
Toscana,femmine,15 anni e più,"licenza di scuola elementare, nessun titolo di studio",2018,363.442
Toscana,femmine,15 anni e più,"licenza di scuola elementare, nessun titolo di studio",2019,352.905
Toscana,femmine,15 anni e più,licenza di scuola media,2018,446.248
Toscana,femmine,15 anni e più,licenza di scuola media,2019,445.198
Toscana,femmine,15 anni e più,diploma 2-3 anni (qualifica professionale),2018,77.693
Toscana,femmine,15 anni e più,diploma 2-3 anni (qualifica professionale),2019,84.594
Toscana,femmine,15 anni e più,diploma 4-5 anni (maturità),2018,517.479
Toscana,femmine,15 anni e più,diploma 4-5 anni (maturità),2019,524.071
Toscana,femmine,15 anni e più,laurea e post-laurea,2018,292.116
Toscana,femmine,15 anni e più,laurea e post-laurea,2019,288.09
Toscana,femmine,15 anni e più,totale,2018,1696.977
Toscana,femmine,15 anni e più,totale,2019,1694.857
Toscana,totale,15 anni e più,"licenza di scuola elementare, nessun titolo di studio",2018,582.542
Toscana,totale,15 anni e più,"licenza di scuola elementare, nessun titolo di studio",2019,565.068
Toscana,totale,15 anni e più,licenza di scuola media,2018,965.053
Toscana,totale,15 anni e più,licenza di scuola media,2019,977.167
Toscana,totale,15 anni e più,diploma 2-3 anni (qualifica professionale),2018,149.191
Toscana,totale,15 anni e più,diploma 2-3 anni (qualifica professionale),2019,163.795
Toscana,totale,15 anni e più,diploma 4-5 anni (maturità),2018,1030.709
Toscana,totale,15 anni e più,diploma 4-5 anni (maturità),2019,1032.161
Toscana,totale,15 anni e più,laurea e post-laurea,2018,518.93
Toscana,totale,15 anni e più,laurea e post-laurea,2019,505.538
Toscana,totale,15 anni e più,totale,2018,3246.425
Toscana,totale,15 anni e più,totale,2019,3243.729
Umbria,maschi,15 anni e più,"licenza di scuola elementare, nessun titolo di studio",2018,47.605
Umbria,maschi,15 anni e più,"licenza di scuola elementare, nessun titolo di studio",2019,43.207
Umbria,maschi,15 anni e più,licenza di scuola media,2018,111.248
Umbria,maschi,15 anni e più,licenza di scuola media,2019,112.812
Umbria,maschi,15 anni e più,diploma 2-3 anni (qualifica professionale),2018,23.664
Umbria,maschi,15 anni e più,diploma 2-3 anni (qualifica professionale),2019,23.322
Umbria,maschi,15 anni e più,diploma 4-5 anni (maturità),2018,130.641
Umbria,maschi,15 anni e più,diploma 4-5 anni (maturità),2019,133.239
Umbria,maschi,15 anni e più,laurea e post-laurea,2018,52.226
Umbria,maschi,15 anni e più,laurea e post-laurea,2019,52.54
Umbria,maschi,15 anni e più,totale,2018,365.384
Umbria,maschi,15 anni e più,totale,2019,365.121
Umbria,femmine,15 anni e più,"licenza di scuola elementare, nessun titolo di studio",2018,85.785
Umbria,femmine,15 anni e più,"licenza di scuola elementare, nessun titolo di studio",2019,80.509
Umbria,femmine,15 anni e più,licenza di scuola media,2018,100.541
Umbria,femmine,15 anni e più,licenza di scuola media,2019,95.237
Umbria,femmine,15 anni e più,diploma 2-3 anni (qualifica professionale),2018,16.56
Umbria,femmine,15 anni e più,diploma 2-3 anni (qualifica professionale),2019,16.827
Umbria,femmine,15 anni e più,diploma 4-5 anni (maturità),2018,132.618
Umbria,femmine,15 anni e più,diploma 4-5 anni (maturità),2019,133.335
Umbria,femmine,15 anni e più,laurea e post-laurea,2018,66.348
Umbria,femmine,15 anni e più,laurea e post-laurea,2019,74.816
Umbria,femmine,15 anni e più,totale,2018,401.851
Umbria,femmine,15 anni e più,totale,2019,400.724
Umbria,totale,15 anni e più,"licenza di scuola elementare, nessun titolo di studio",2018,133.39
Umbria,totale,15 anni e più,"licenza di scuola elementare, nessun titolo di studio",2019,123.716
Umbria,totale,15 anni e più,licenza di scuola media,2018,211.789
Umbria,totale,15 anni e più,licenza di scuola media,2019,208.049
Umbria,totale,15 anni e più,diploma 2-3 anni (qualifica professionale),2018,40.224
Umbria,totale,15 anni e più,diploma 2-3 anni (qualifica professionale),2019,40.15
Umbria,totale,15 anni e più,diploma 4-5 anni (maturità),2018,263.259
Umbria,totale,15 anni e più,diploma 4-5 anni (maturità),2019,266.575
Umbria,totale,15 anni e più,laurea e post-laurea,2018,118.573
Umbria,totale,15 anni e più,laurea e post-laurea,2019,127.356
Umbria,totale,15 anni e più,totale,2018,767.235
Umbria,totale,15 anni e più,totale,2019,765.845
Marche,maschi,15 anni e più,"licenza di scuola elementare, nessun titolo di studio",2018,88.249
Marche,maschi,15 anni e più,"licenza di scuola elementare, nessun titolo di studio",2019,86.868
Marche,maschi,15 anni e più,licenza di scuola media,2018,220.418
Marche,maschi,15 anni e più,licenza di scuola media,2019,217.789
Marche,maschi,15 anni e più,diploma 2-3 anni (qualifica professionale),2018,33.213
Marche,maschi,15 anni e più,diploma 2-3 anni (qualifica professionale),2019,37.858
Marche,maschi,15 anni e più,diploma 4-5 anni (maturità),2018,212.501
Marche,maschi,15 anni e più,diploma 4-5 anni (maturità),2019,203.486
Marche,maschi,15 anni e più,laurea e post-laurea,2018,83.797
Marche,maschi,15 anni e più,laurea e post-laurea,2019,90.993
Marche,maschi,15 anni e più,totale,2018,638.178
Marche,maschi,15 anni e più,totale,2019,636.994
Marche,femmine,15 anni e più,"licenza di scuola elementare, nessun titolo di studio",2018,149.039
Marche,femmine,15 anni e più,"licenza di scuola elementare, nessun titolo di studio",2019,144.464
Marche,femmine,15 anni e più,licenza di scuola media,2018,181.318
Marche,femmine,15 anni e più,licenza di scuola media,2019,178.736
Marche,femmine,15 anni e più,diploma 2-3 anni (qualifica professionale),2018,29.062
Marche,femmine,15 anni e più,diploma 2-3 anni (qualifica professionale),2019,31.318
Marche,femmine,15 anni e più,diploma 4-5 anni (maturità),2018,214.025
Marche,femmine,15 anni e più,diploma 4-5 anni (maturità),2019,209.908
Marche,femmine,15 anni e più,laurea e post-laurea,2018,114.795
Marche,femmine,15 anni e più,laurea e post-laurea,2019,121.757
Marche,femmine,15 anni e più,totale,2018,688.238
Marche,femmine,15 anni e più,totale,2019,686.182
Marche,totale,15 anni e più,"licenza di scuola elementare, nessun titolo di studio",2018,237.288
Marche,totale,15 anni e più,"licenza di scuola elementare, nessun titolo di studio",2019,231.332
Marche,totale,15 anni e più,licenza di scuola media,2018,401.736
Marche,totale,15 anni e più,licenza di scuola media,2019,396.525
Marche,totale,15 anni e più,diploma 2-3 anni (qualifica professionale),2018,62.276
Marche,totale,15 anni e più,diploma 2-3 anni (qualifica professionale),2019,69.176
Marche,totale,15 anni e più,diploma 4-5 anni (maturità),2018,426.526
Marche,totale,15 anni e più,diploma 4-5 anni (maturità),2019,413.393
Marche,totale,15 anni e più,laurea e post-laurea,2018,198.591
Marche,totale,15 anni e più,laurea e post-laurea,2019,212.749
Marche,totale,15 anni e più,totale,2018,1326.416
Marche,totale,15 anni e più,totale,2019,1323.176
Lazio,maschi,15 anni e più,"licenza di scuola elementare, nessun titolo di studio",2018,209.982
Lazio,maschi,15 anni e più,"licenza di scuola elementare, nessun titolo di studio",2019,219.108
Lazio,maschi,15 anni e più,licenza di scuola media,2018,764.017
Lazio,maschi,15 anni e più,licenza di scuola media,2019,751.155
Lazio,maschi,15 anni e più,diploma 2-3 anni (qualifica professionale),2018,70.358
Lazio,maschi,15 anni e più,diploma 2-3 anni (qualifica professionale),2019,67.537
Lazio,maschi,15 anni e più,diploma 4-5 anni (maturità),2018,919.111
Lazio,maschi,15 anni e più,diploma 4-5 anni (maturità),2019,916.678
Lazio,maschi,15 anni e più,laurea e post-laurea,2018,456.408
Lazio,maschi,15 anni e più,laurea e post-laurea,2019,460.205
Lazio,maschi,15 anni e più,totale,2018,2419.875
Lazio,maschi,15 anni e più,totale,2019,2414.684
Lazio,femmine,15 anni e più,"licenza di scuola elementare, nessun titolo di studio",2018,383.785
Lazio,femmine,15 anni e più,"licenza di scuola elementare, nessun titolo di studio",2019,377.172
Lazio,femmine,15 anni e più,licenza di scuola media,2018,686.78
Lazio,femmine,15 anni e più,licenza di scuola media,2019,684.59
Lazio,femmine,15 anni e più,diploma 2-3 anni (qualifica professionale),2018,73.925
Lazio,femmine,15 anni e più,diploma 2-3 anni (qualifica professionale),2019,64.457
Lazio,femmine,15 anni e più,diploma 4-5 anni (maturità),2018,926.436
Lazio,femmine,15 anni e più,diploma 4-5 anni (maturità),2019,934.456
Lazio,femmine,15 anni e più,laurea e post-laurea,2018,568.686
Lazio,femmine,15 anni e più,laurea e post-laurea,2019,577.002
Lazio,femmine,15 anni e più,totale,2018,2639.613
Lazio,femmine,15 anni e più,totale,2019,2637.677
Lazio,totale,15 anni e più,"licenza di scuola elementare, nessun titolo di studio",2018,593.766
Lazio,totale,15 anni e più,"licenza di scuola elementare, nessun titolo di studio",2019,596.28
Lazio,totale,15 anni e più,licenza di scuola media,2018,1450.797
Lazio,totale,15 anni e più,licenza di scuola media,2019,1435.745
Lazio,totale,15 anni e più,diploma 2-3 anni (qualifica professionale),2018,144.283
Lazio,totale,15 anni e più,diploma 2-3 anni (qualifica professionale),2019,131.994
Lazio,totale,15 anni e più,diploma 4-5 anni (maturità),2018,1845.547
Lazio,totale,15 anni e più,diploma 4-5 anni (maturità),2019,1851.134
Lazio,totale,15 anni e più,laurea e post-laurea,2018,1025.094
Lazio,totale,15 anni e più,laurea e post-laurea,2019,1037.207
Lazio,totale,15 anni e più,totale,2018,5059.488
Lazio,totale,15 anni e più,totale,2019,5052.361
Abruzzo,maschi,15 anni e più,"licenza di scuola elementare, nessun titolo di studio",2018,72.309
Abruzzo,maschi,15 anni e più,"licenza di scuola elementare, nessun titolo di studio",2019,75.042
Abruzzo,maschi,15 anni e più,licenza di scuola media,2018,179.001
Abruzzo,maschi,15 anni e più,licenza di scuola media,2019,171.87
Abruzzo,maschi,15 anni e più,diploma 2-3 anni (qualifica professionale),2018,24.255
Abruzzo,maschi,15 anni e più,diploma 2-3 anni (qualifica professionale),2019,26.079
Abruzzo,maschi,15 anni e più,diploma 4-5 anni (maturità),2018,202.849
Abruzzo,maschi,15 anni e più,diploma 4-5 anni (maturità),2019,204.545
Abruzzo,maschi,15 anni e più,laurea e post-laurea,2018,74.59
Abruzzo,maschi,15 anni e più,laurea e post-laurea,2019,74.358
Abruzzo,maschi,15 anni e più,totale,2018,553.004
Abruzzo,maschi,15 anni e più,totale,2019,551.894
Abruzzo,femmine,15 anni e più,"licenza di scuola elementare, nessun titolo di studio",2018,122.622
Abruzzo,femmine,15 anni e più,"licenza di scuola elementare, nessun titolo di studio",2019,121.926
Abruzzo,femmine,15 anni e più,licenza di scuola media,2018,153.123
Abruzzo,femmine,15 anni e più,licenza di scuola media,2019,144.939
Abruzzo,femmine,15 anni e più,diploma 2-3 anni (qualifica professionale),2018,16.432
Abruzzo,femmine,15 anni e più,diploma 2-3 anni (qualifica professionale),2019,16.037
Abruzzo,femmine,15 anni e più,diploma 4-5 anni (maturità),2018,203.683
Abruzzo,femmine,15 anni e più,diploma 4-5 anni (maturità),2019,206.902
Abruzzo,femmine,15 anni e più,laurea e post-laurea,2018,95.939
Abruzzo,femmine,15 anni e più,laurea e post-laurea,2019,100.133
Abruzzo,femmine,15 anni e più,totale,2018,591.798
Abruzzo,femmine,15 anni e più,totale,2019,589.936
Abruzzo,totale,15 anni e più,"licenza di scuola elementare, nessun titolo di studio",2018,194.931
Abruzzo,totale,15 anni e più,"licenza di scuola elementare, nessun titolo di studio",2019,196.968
Abruzzo,totale,15 anni e più,licenza di scuola media,2018,332.124
Abruzzo,totale,15 anni e più,licenza di scuola media,2019,316.809
Abruzzo,totale,15 anni e più,diploma 2-3 anni (qualifica professionale),2018,40.687
Abruzzo,totale,15 anni e più,diploma 2-3 anni (qualifica professionale),2019,42.116
Abruzzo,totale,15 anni e più,diploma 4-5 anni (maturità),2018,406.532
Abruzzo,totale,15 anni e più,diploma 4-5 anni (maturità),2019,411.447
Abruzzo,totale,15 anni e più,laurea e post-laurea,2018,170.529
Abruzzo,totale,15 anni e più,laurea e post-laurea,2019,174.491
Abruzzo,totale,15 anni e più,totale,2018,1144.802
Abruzzo,totale,15 anni e più,totale,2019,1141.83
Molise,maschi,15 anni e più,"licenza di scuola elementare, nessun titolo di studio",2018,20.522
Molise,maschi,15 anni e più,"licenza di scuola elementare, nessun titolo di studio",2019,19.88
Molise,maschi,15 anni e più,licenza di scuola media,2018,43.658
Molise,maschi,15 anni e più,licenza di scuola media,2019,42.047
Molise,maschi,15 anni e più,diploma 2-3 anni (qualifica professionale),2018,3.114
Molise,maschi,15 anni e più,diploma 2-3 anni (qualifica professionale),2019,3.476
Molise,maschi,15 anni e più,diploma 4-5 anni (maturità),2018,46.609
Molise,maschi,15 anni e più,diploma 4-5 anni (maturità),2019,47.44
Molise,maschi,15 anni e più,laurea e post-laurea,2018,17.53
Molise,maschi,15 anni e più,laurea e post-laurea,2019,17.202
Molise,maschi,15 anni e più,totale,2018,131.432
Molise,maschi,15 anni e più,totale,2019,130.045
Molise,femmine,15 anni e più,"licenza di scuola elementare, nessun titolo di studio",2018,32.982
Molise,femmine,15 anni e più,"licenza di scuola elementare, nessun titolo di studio",2019,30.731
Molise,femmine,15 anni e più,licenza di scuola media,2018,38.242
Molise,femmine,15 anni e più,licenza di scuola media,2019,38.808
Molise,femmine,15 anni e più,diploma 2-3 anni (qualifica professionale),2018,2.217
Molise,femmine,15 anni e più,diploma 2-3 anni (qualifica professionale),2019,1.889
Molise,femmine,15 anni e più,diploma 4-5 anni (maturità),2018,42.964
Molise,femmine,15 anni e più,diploma 4-5 anni (maturità),2019,45.237
Molise,femmine,15 anni e più,laurea e post-laurea,2018,22.122
Molise,femmine,15 anni e più,laurea e post-laurea,2019,20.807
Molise,femmine,15 anni e più,totale,2018,138.528
Molise,femmine,15 anni e più,totale,2019,137.472
Molise,totale,15 anni e più,"licenza di scuola elementare, nessun titolo di studio",2018,53.504
Molise,totale,15 anni e più,"licenza di scuola elementare, nessun titolo di studio",2019,50.611
Molise,totale,15 anni e più,licenza di scuola media,2018,81.9
Molise,totale,15 anni e più,licenza di scuola media,2019,80.856
Molise,totale,15 anni e più,diploma 2-3 anni (qualifica professionale),2018,5.331
Molise,totale,15 anni e più,diploma 2-3 anni (qualifica professionale),2019,5.365
Molise,totale,15 anni e più,diploma 4-5 anni (maturità),2018,89.574
Molise,totale,15 anni e più,diploma 4-5 anni (maturità),2019,92.676
Molise,totale,15 anni e più,laurea e post-laurea,2018,39.651
Molise,totale,15 anni e più,laurea e post-laurea,2019,38.009
Molise,totale,15 anni e più,totale,2018,269.96
Molise,totale,15 anni e più,totale,2019,267.516
Campania,maschi,15 anni e più,"licenza di scuola elementare, nessun titolo di studio",2018,335.085
Campania,maschi,15 anni e più,"licenza di scuola elementare, nessun titolo di studio",2019,326.081
Campania,maschi,15 anni e più,licenza di scuola media,2018,928.129
Campania,maschi,15 anni e più,licenza di scuola media,2019,930.663
Campania,maschi,15 anni e più,diploma 2-3 anni (qualifica professionale),2018,69.8
Campania,maschi,15 anni e più,diploma 2-3 anni (qualifica professionale),2019,64.565
Campania,maschi,15 anni e più,diploma 4-5 anni (maturità),2018,789.073
Campania,maschi,15 anni e più,diploma 4-5 anni (maturità),2019,788.747
Campania,maschi,15 anni e più,laurea e post-laurea,2018,266.025
Campania,maschi,15 anni e più,laurea e post-laurea,2019,271.459
Campania,maschi,15 anni e più,totale,2018,2388.112
Campania,maschi,15 anni e più,totale,2019,2381.516
Campania,femmine,15 anni e più,"licenza di scuola elementare, nessun titolo di studio",2018,608.963
Campania,femmine,15 anni e più,"licenza di scuola elementare, nessun titolo di studio",2019,585.75
Campania,femmine,15 anni e più,licenza di scuola media,2018,804.849
Campania,femmine,15 anni e più,licenza di scuola media,2019,808.014
Campania,femmine,15 anni e più,diploma 2-3 anni (qualifica professionale),2018,58.447
Campania,femmine,15 anni e più,diploma 2-3 anni (qualifica professionale),2019,57.845
Campania,femmine,15 anni e più,diploma 4-5 anni (maturità),2018,747.537
Campania,femmine,15 anni e più,diploma 4-5 anni (maturità),2019,750.009
Campania,femmine,15 anni e più,laurea e post-laurea,2018,340.111
Campania,femmine,15 anni e più,laurea e post-laurea,2019,353.63
Campania,femmine,15 anni e più,totale,2018,2559.907
Campania,femmine,15 anni e più,totale,2019,2555.248
Campania,totale,15 anni e più,"licenza di scuola elementare, nessun titolo di studio",2018,944.048
Campania,totale,15 anni e più,"licenza di scuola elementare, nessun titolo di studio",2019,911.831
Campania,totale,15 anni e più,licenza di scuola media,2018,1732.978
Campania,totale,15 anni e più,licenza di scuola media,2019,1738.677
Campania,totale,15 anni e più,diploma 2-3 anni (qualifica professionale),2018,128.247
Campania,totale,15 anni e più,diploma 2-3 anni (qualifica professionale),2019,122.411
Campania,totale,15 anni e più,diploma 4-5 anni (maturità),2018,1536.61
Campania,totale,15 anni e più,diploma 4-5 anni (maturità),2019,1538.756
Campania,totale,15 anni e più,laurea e post-laurea,2018,606.136
Campania,totale,15 anni e più,laurea e post-laurea,2019,625.089
Campania,totale,15 anni e più,totale,2018,4948.02
Campania,totale,15 anni e più,totale,2019,4936.763
Puglia,maschi,15 anni e più,"licenza di scuola elementare, nessun titolo di studio",2018,303.922
Puglia,maschi,15 anni e più,"licenza di scuola elementare, nessun titolo di studio",2019,288.642
Puglia,maschi,15 anni e più,licenza di scuola media,2018,659.708
Puglia,maschi,15 anni e più,licenza di scuola media,2019,654.26
Puglia,maschi,15 anni e più,diploma 2-3 anni (qualifica professionale),2018,36.872
Puglia,maschi,15 anni e più,diploma 2-3 anni (qualifica professionale),2019,42.108
Puglia,maschi,15 anni e più,diploma 4-5 anni (maturità),2018,508.71
Puglia,maschi,15 anni e più,diploma 4-5 anni (maturità),2019,518.388
Puglia,maschi,15 anni e più,laurea e post-laurea,2018,173.959
Puglia,maschi,15 anni e più,laurea e post-laurea,2019,176.299
Puglia,maschi,15 anni e più,totale,2018,1683.171
Puglia,maschi,15 anni e più,totale,2019,1679.696
Puglia,femmine,15 anni e più,"licenza di scuola elementare, nessun titolo di studio",2018,496.62
Puglia,femmine,15 anni e più,"licenza di scuola elementare, nessun titolo di studio",2019,482.437
Puglia,femmine,15 anni e più,licenza di scuola media,2018,578.061
Puglia,femmine,15 anni e più,licenza di scuola media,2019,579.503
Puglia,femmine,15 anni e più,diploma 2-3 anni (qualifica professionale),2018,34.06
Puglia,femmine,15 anni e più,diploma 2-3 anni (qualifica professionale),2019,27.558
Puglia,femmine,15 anni e più,diploma 4-5 anni (maturità),2018,484.94
Puglia,femmine,15 anni e più,diploma 4-5 anni (maturità),2019,493.819
Puglia,femmine,15 anni e più,laurea e post-laurea,2018,217.854
Puglia,femmine,15 anni e più,laurea e post-laurea,2019,222.81
Puglia,femmine,15 anni e più,totale,2018,1811.534
Puglia,femmine,15 anni e più,totale,2019,1806.127
Puglia,totale,15 anni e più,"licenza di scuola elementare, nessun titolo di studio",2018,800.542
Puglia,totale,15 anni e più,"licenza di scuola elementare, nessun titolo di studio",2019,771.079
Puglia,totale,15 anni e più,licenza di scuola media,2018,1237.769
Puglia,totale,15 anni e più,licenza di scuola media,2019,1233.763
Puglia,totale,15 anni e più,diploma 2-3 anni (qualifica professionale),2018,70.932
Puglia,totale,15 anni e più,diploma 2-3 anni (qualifica professionale),2019,69.666
Puglia,totale,15 anni e più,diploma 4-5 anni (maturità),2018,993.65
Puglia,totale,15 anni e più,diploma 4-5 anni (maturità),2019,1012.207
Puglia,totale,15 anni e più,laurea e post-laurea,2018,391.812
Puglia,totale,15 anni e più,laurea e post-laurea,2019,399.108
Puglia,totale,15 anni e più,totale,2018,3494.705
Puglia,totale,15 anni e più,totale,2019,3485.823
Basilicata,maschi,15 anni e più,"licenza di scuola elementare, nessun titolo di studio",2018,39.335
Basilicata,maschi,15 anni e più,"licenza di scuola elementare, nessun titolo di studio",2019,38.045
Basilicata,maschi,15 anni e più,licenza di scuola media,2018,78.763
Basilicata,maschi,15 anni e più,licenza di scuola media,2019,78.98
Basilicata,maschi,15 anni e più,diploma 2-3 anni (qualifica professionale),2018,10.224
Basilicata,maschi,15 anni e più,diploma 2-3 anni (qualifica professionale),2019,9.719
Basilicata,maschi,15 anni e più,diploma 4-5 anni (maturità),2018,87.081
Basilicata,maschi,15 anni e più,diploma 4-5 anni (maturità),2019,86.289
Basilicata,maschi,15 anni e più,laurea e post-laurea,2018,25.728
Basilicata,maschi,15 anni e più,laurea e post-laurea,2019,26.456
Basilicata,maschi,15 anni e più,totale,2018,241.132
Basilicata,maschi,15 anni e più,totale,2019,239.489
Basilicata,femmine,15 anni e più,"licenza di scuola elementare, nessun titolo di studio",2018,61.638
Basilicata,femmine,15 anni e più,"licenza di scuola elementare, nessun titolo di studio",2019,57.726
Basilicata,femmine,15 anni e più,licenza di scuola media,2018,67.626
Basilicata,femmine,15 anni e più,licenza di scuola media,2019,67.558
Basilicata,femmine,15 anni e più,diploma 2-3 anni (qualifica professionale),2018,7.335
Basilicata,femmine,15 anni e più,diploma 2-3 anni (qualifica professionale),2019,6.999
Basilicata,femmine,15 anni e più,diploma 4-5 anni (maturità),2018,83.718
Basilicata,femmine,15 anni e più,diploma 4-5 anni (maturità),2019,84.943
Basilicata,femmine,15 anni e più,laurea e post-laurea,2018,33.779
Basilicata,femmine,15 anni e più,laurea e post-laurea,2019,35.289
Basilicata,femmine,15 anni e più,totale,2018,254.096
Basilicata,femmine,15 anni e più,totale,2019,252.516
Basilicata,totale,15 anni e più,"licenza di scuola elementare, nessun titolo di studio",2018,100.973
Basilicata,totale,15 anni e più,"licenza di scuola elementare, nessun titolo di studio",2019,95.771
Basilicata,totale,15 anni e più,licenza di scuola media,2018,146.389
Basilicata,totale,15 anni e più,licenza di scuola media,2019,146.538
Basilicata,totale,15 anni e più,diploma 2-3 anni (qualifica professionale),2018,17.56
Basilicata,totale,15 anni e più,diploma 2-3 anni (qualifica professionale),2019,16.718
Basilicata,totale,15 anni e più,diploma 4-5 anni (maturità),2018,170.799
Basilicata,totale,15 anni e più,diploma 4-5 anni (maturità),2019,171.232
Basilicata,totale,15 anni e più,laurea e post-laurea,2018,59.507
Basilicata,totale,15 anni e più,laurea e post-laurea,2019,61.745
Basilicata,totale,15 anni e più,totale,2018,495.228
Basilicata,totale,15 anni e più,totale,2019,492.004
Calabria,maschi,15 anni e più,"licenza di scuola elementare, nessun titolo di studio",2018,152.158
Calabria,maschi,15 anni e più,"licenza di scuola elementare, nessun titolo di studio",2019,144.988
Calabria,maschi,15 anni e più,licenza di scuola media,2018,290.634
Calabria,maschi,15 anni e più,licenza di scuola media,2019,286.614
Calabria,maschi,15 anni e più,diploma 2-3 anni (qualifica professionale),2018,18.402
Calabria,maschi,15 anni e più,diploma 2-3 anni (qualifica professionale),2019,17.194
Calabria,maschi,15 anni e più,diploma 4-5 anni (maturità),2018,273.008
Calabria,maschi,15 anni e più,diploma 4-5 anni (maturità),2019,279.373
Calabria,maschi,15 anni e più,laurea e post-laurea,2018,84.041
Calabria,maschi,15 anni e più,laurea e post-laurea,2019,87.263
Calabria,maschi,15 anni e più,totale,2018,818.243
Calabria,maschi,15 anni e più,totale,2019,815.432
Calabria,femmine,15 anni e più,"licenza di scuola elementare, nessun titolo di studio",2018,222.118
Calabria,femmine,15 anni e più,"licenza di scuola elementare, nessun titolo di studio",2019,217.383
Calabria,femmine,15 anni e più,licenza di scuola media,2018,261.026
Calabria,femmine,15 anni e più,licenza di scuola media,2019,257.115
Calabria,femmine,15 anni e più,diploma 2-3 anni (qualifica professionale),2018,14.623
Calabria,femmine,15 anni e più,diploma 2-3 anni (qualifica professionale),2019,13.374
Calabria,femmine,15 anni e più,diploma 4-5 anni (maturità),2018,259.507
Calabria,femmine,15 anni e più,diploma 4-5 anni (maturità),2019,256.24
Calabria,femmine,15 anni e più,laurea e post-laurea,2018,109.964
Calabria,femmine,15 anni e più,laurea e post-laurea,2019,118.927
Calabria,femmine,15 anni e più,totale,2018,867.239
Calabria,femmine,15 anni e più,totale,2019,863.038
Calabria,totale,15 anni e più,"licenza di scuola elementare, nessun titolo di studio",2018,374.277
Calabria,totale,15 anni e più,"licenza di scuola elementare, nessun titolo di studio",2019,362.37
Calabria,totale,15 anni e più,licenza di scuola media,2018,551.661
Calabria,totale,15 anni e più,licenza di scuola media,2019,543.728
Calabria,totale,15 anni e più,diploma 2-3 anni (qualifica professionale),2018,33.025
Calabria,totale,15 anni e più,diploma 2-3 anni (qualifica professionale),2019,30.568
Calabria,totale,15 anni e più,diploma 4-5 anni (maturità),2018,532.514
Calabria,totale,15 anni e più,diploma 4-5 anni (maturità),2019,535.613
Calabria,totale,15 anni e più,laurea e post-laurea,2018,194.005
Calabria,totale,15 anni e più,laurea e post-laurea,2019,206.19
Calabria,totale,15 anni e più,totale,2018,1685.482
Calabria,totale,15 anni e più,totale,2019,1678.47
Sicilia,maschi,15 anni e più,"licenza di scuola elementare, nessun titolo di studio",2018,346.282
Sicilia,maschi,15 anni e più,"licenza di scuola elementare, nessun titolo di studio",2019,342.999
Sicilia,maschi,15 anni e più,licenza di scuola media,2018,817.311
Sicilia,maschi,15 anni e più,licenza di scuola media,2019,818.398
Sicilia,maschi,15 anni e più,diploma 2-3 anni (qualifica professionale),2018,41.969
Sicilia,maschi,15 anni e più,diploma 2-3 anni (qualifica professionale),2019,41.3
Sicilia,maschi,15 anni e più,diploma 4-5 anni (maturità),2018,652.117
Sicilia,maschi,15 anni e più,diploma 4-5 anni (maturità),2019,647.785
Sicilia,maschi,15 anni e più,laurea e post-laurea,2018,210.847
Sicilia,maschi,15 anni e più,laurea e post-laurea,2019,209.854
Sicilia,maschi,15 anni e più,totale,2018,2068.526
Sicilia,maschi,15 anni e più,totale,2019,2060.337
Sicilia,femmine,15 anni e più,"licenza di scuola elementare, nessun titolo di studio",2018,536.671
Sicilia,femmine,15 anni e più,"licenza di scuola elementare, nessun titolo di studio",2019,514.924
Sicilia,femmine,15 anni e più,licenza di scuola media,2018,744.729
Sicilia,femmine,15 anni e più,licenza di scuola media,2019,747.953
Sicilia,femmine,15 anni e più,diploma 2-3 anni (qualifica professionale),2018,33.988
Sicilia,femmine,15 anni e più,diploma 2-3 anni (qualifica professionale),2019,32.42
Sicilia,femmine,15 anni e più,diploma 4-5 anni (maturità),2018,651.305
Sicilia,femmine,15 anni e più,diploma 4-5 anni (maturità),2019,661.06
Sicilia,femmine,15 anni e più,laurea e post-laurea,2018,264.115
Sicilia,femmine,15 anni e più,laurea e post-laurea,2019,265.014
Sicilia,femmine,15 anni e più,totale,2018,2230.808
Sicilia,femmine,15 anni e più,totale,2019,2221.371
Sicilia,totale,15 anni e più,"licenza di scuola elementare, nessun titolo di studio",2018,882.952
Sicilia,totale,15 anni e più,"licenza di scuola elementare, nessun titolo di studio",2019,857.924
Sicilia,totale,15 anni e più,licenza di scuola media,2018,1562.04
Sicilia,totale,15 anni e più,licenza di scuola media,2019,1566.351
Sicilia,totale,15 anni e più,diploma 2-3 anni (qualifica professionale),2018,75.957
Sicilia,totale,15 anni e più,diploma 2-3 anni (qualifica professionale),2019,73.72
Sicilia,totale,15 anni e più,diploma 4-5 anni (maturità),2018,1303.422
Sicilia,totale,15 anni e più,diploma 4-5 anni (maturità),2019,1308.845
Sicilia,totale,15 anni e più,laurea e post-laurea,2018,474.962
Sicilia,totale,15 anni e più,laurea e post-laurea,2019,474.868
Sicilia,totale,15 anni e più,totale,2018,4299.333
Sicilia,totale,15 anni e più,totale,2019,4281.708
Sardegna,maschi,15 anni e più,"licenza di scuola elementare, nessun titolo di studio",2018,109.572
Sardegna,maschi,15 anni e più,"licenza di scuola elementare, nessun titolo di studio",2019,102.401
Sardegna,maschi,15 anni e più,licenza di scuola media,2018,319.02
Sardegna,maschi,15 anni e più,licenza di scuola media,2019,309.345
Sardegna,maschi,15 anni e più,diploma 2-3 anni (qualifica professionale),2018,15.47
Sardegna,maschi,15 anni e più,diploma 2-3 anni (qualifica professionale),2019,15.295
Sardegna,maschi,15 anni e più,diploma 4-5 anni (maturità),2018,192.279
Sardegna,maschi,15 anni e più,diploma 4-5 anni (maturità),2019,199.495
Sardegna,maschi,15 anni e più,laurea e post-laurea,2018,70.793
Sardegna,maschi,15 anni e più,laurea e post-laurea,2019,78.112
Sardegna,maschi,15 anni e più,totale,2018,707.133
Sardegna,maschi,15 anni e più,totale,2019,704.649
Sardegna,femmine,15 anni e più,"licenza di scuola elementare, nessun titolo di studio",2018,151.042
Sardegna,femmine,15 anni e più,"licenza di scuola elementare, nessun titolo di studio",2019,147.162
Sardegna,femmine,15 anni e più,licenza di scuola media,2018,262.51
Sardegna,femmine,15 anni e più,licenza di scuola media,2019,250.696
Sardegna,femmine,15 anni e più,diploma 2-3 anni (qualifica professionale),2018,12.309
Sardegna,femmine,15 anni e più,diploma 2-3 anni (qualifica professionale),2019,12.806
Sardegna,femmine,15 anni e più,diploma 4-5 anni (maturità),2018,212.006
Sardegna,femmine,15 anni e più,diploma 4-5 anni (maturità),2019,220.134
Sardegna,femmine,15 anni e più,laurea e post-laurea,2018,105.465
Sardegna,femmine,15 anni e più,laurea e post-laurea,2019,110.422
Sardegna,femmine,15 anni e più,totale,2018,743.332
Sardegna,femmine,15 anni e più,totale,2019,741.22
Sardegna,totale,15 anni e più,"licenza di scuola elementare, nessun titolo di studio",2018,260.613
Sardegna,totale,15 anni e più,"licenza di scuola elementare, nessun titolo di studio",2019,249.563
Sardegna,totale,15 anni e più,licenza di scuola media,2018,581.53
Sardegna,totale,15 anni e più,licenza di scuola media,2019,560.041
Sardegna,totale,15 anni e più,diploma 2-3 anni (qualifica professionale),2018,27.778
Sardegna,totale,15 anni e più,diploma 2-3 anni (qualifica professionale),2019,28.101
Sardegna,totale,15 anni e più,diploma 4-5 anni (maturità),2018,404.285
Sardegna,totale,15 anni e più,diploma 4-5 anni (maturità),2019,419.629
Sardegna,totale,15 anni e più,laurea e post-laurea,2018,176.258
Sardegna,totale,15 anni e più,laurea e post-laurea,2019,188.533
Sardegna,totale,15 anni e più,totale,2018,1450.465
Sardegna,totale,15 anni e più,totale,2019,1445.869
